-- --------------------------------------------------------
-- Host:                         127.0.0.1
-- Server version:               10.4.28-MariaDB - mariadb.org binary distribution
-- Server OS:                    Win64
-- HeidiSQL Version:             12.7.0.6850
-- --------------------------------------------------------

/*!40101 SET @OLD_CHARACTER_SET_CLIENT=@@CHARACTER_SET_CLIENT */;
/*!40101 SET NAMES utf8 */;
/*!50503 SET NAMES utf8mb4 */;
/*!40103 SET @OLD_TIME_ZONE=@@TIME_ZONE */;
/*!40103 SET TIME_ZONE='+00:00' */;
/*!40014 SET @OLD_FOREIGN_KEY_CHECKS=@@FOREIGN_KEY_CHECKS, FOREIGN_KEY_CHECKS=0 */;
/*!40101 SET @OLD_SQL_MODE=@@SQL_MODE, SQL_MODE='NO_AUTO_VALUE_ON_ZERO' */;
/*!40111 SET @OLD_SQL_NOTES=@@SQL_NOTES, SQL_NOTES=0 */;

-- Dumping data for table fpmbd.detailpetugasdisipliner: ~396 rows (approximately)
INSERT INTO `detailpetugasdisipliner` (`PetugasLapas_IDPetugas`, `RiwayatDisiplin_IDRiwayat`) VALUES
	(1, 158),
	(1, 270),
	(1, 312),
	(2, 17),
	(2, 34),
	(2, 112),
	(2, 179),
	(2, 229),
	(2, 240),
	(2, 302),
	(2, 342),
	(2, 356),
	(3, 40),
	(3, 100),
	(3, 340),
	(3, 358),
	(4, 14),
	(4, 73),
	(4, 148),
	(4, 150),
	(4, 187),
	(4, 195),
	(4, 271),
	(4, 306),
	(4, 353),
	(5, 3),
	(5, 62),
	(5, 88),
	(5, 163),
	(5, 166),
	(5, 177),
	(5, 232),
	(5, 255),
	(5, 330),
	(6, 1),
	(6, 24),
	(6, 99),
	(6, 106),
	(6, 141),
	(6, 168),
	(6, 224),
	(6, 233),
	(6, 305),
	(6, 329),
	(7, 29),
	(7, 100),
	(7, 176),
	(7, 198),
	(7, 265),
	(8, 53),
	(8, 87),
	(8, 129),
	(8, 135),
	(8, 139),
	(8, 290),
	(8, 354),
	(8, 366),
	(9, 4),
	(9, 14),
	(9, 59),
	(9, 62),
	(9, 74),
	(9, 76),
	(9, 91),
	(9, 140),
	(9, 194),
	(9, 258),
	(9, 261),
	(10, 29),
	(10, 114),
	(10, 136),
	(10, 266),
	(10, 350),
	(11, 12),
	(11, 95),
	(11, 193),
	(11, 224),
	(11, 243),
	(11, 250),
	(11, 270),
	(11, 293),
	(11, 297),
	(12, 18),
	(12, 185),
	(12, 190),
	(12, 256),
	(12, 259),
	(12, 281),
	(13, 57),
	(13, 79),
	(13, 104),
	(13, 125),
	(13, 142),
	(13, 170),
	(13, 192),
	(13, 223),
	(13, 227),
	(13, 296),
	(14, 104),
	(14, 120),
	(14, 171),
	(14, 212),
	(14, 219),
	(14, 225),
	(14, 232),
	(14, 263),
	(14, 269),
	(14, 301),
	(14, 361),
	(15, 126),
	(15, 132),
	(15, 139),
	(15, 142),
	(15, 167),
	(15, 217),
	(15, 280),
	(15, 281),
	(15, 282),
	(15, 318),
	(15, 325),
	(15, 374),
	(16, 82),
	(16, 146),
	(16, 199),
	(16, 231),
	(16, 237),
	(16, 274),
	(16, 277),
	(16, 336),
	(17, 25),
	(17, 56),
	(17, 68),
	(17, 100),
	(17, 128),
	(17, 133),
	(17, 166),
	(17, 274),
	(17, 348),
	(18, 12),
	(18, 26),
	(18, 40),
	(18, 131),
	(18, 171),
	(18, 205),
	(18, 225),
	(18, 256),
	(18, 268),
	(18, 271),
	(18, 295),
	(18, 318),
	(18, 345),
	(19, 40),
	(19, 53),
	(19, 64),
	(19, 111),
	(19, 189),
	(19, 261),
	(19, 288),
	(19, 365),
	(20, 76),
	(20, 208),
	(20, 245),
	(20, 264),
	(20, 269),
	(20, 297),
	(20, 322),
	(20, 348),
	(21, 142),
	(21, 144),
	(21, 154),
	(21, 177),
	(21, 220),
	(21, 309),
	(21, 328),
	(22, 61),
	(22, 64),
	(22, 99),
	(22, 119),
	(22, 129),
	(22, 192),
	(22, 256),
	(22, 258),
	(22, 276),
	(22, 279),
	(23, 4),
	(23, 149),
	(23, 180),
	(23, 238),
	(23, 246),
	(23, 261),
	(23, 310),
	(24, 16),
	(24, 25),
	(24, 33),
	(24, 65),
	(24, 103),
	(24, 148),
	(24, 192),
	(24, 312),
	(24, 368),
	(25, 15),
	(25, 29),
	(25, 34),
	(25, 37),
	(25, 51),
	(25, 164),
	(25, 274),
	(25, 331),
	(26, 14),
	(26, 65),
	(26, 169),
	(26, 193),
	(26, 205),
	(26, 257),
	(26, 288),
	(26, 356),
	(26, 367),
	(27, 50),
	(27, 159),
	(27, 223),
	(27, 242),
	(27, 272),
	(27, 337),
	(28, 25),
	(28, 100),
	(28, 138),
	(28, 156),
	(28, 167),
	(28, 182),
	(28, 284),
	(28, 295),
	(28, 325),
	(29, 125),
	(29, 232),
	(29, 244),
	(29, 264),
	(29, 270),
	(29, 300),
	(29, 326),
	(29, 341),
	(30, 32),
	(30, 62),
	(30, 87),
	(30, 167),
	(30, 275),
	(30, 288),
	(30, 314),
	(30, 350),
	(30, 368),
	(31, 16),
	(31, 46),
	(31, 60),
	(31, 61),
	(31, 89),
	(31, 144),
	(31, 173),
	(31, 235),
	(31, 333),
	(32, 52),
	(32, 70),
	(32, 88),
	(32, 268),
	(32, 306),
	(32, 329),
	(32, 362),
	(33, 12),
	(33, 23),
	(33, 51),
	(33, 87),
	(33, 224),
	(33, 239),
	(33, 253),
	(33, 288),
	(33, 301),
	(34, 29),
	(34, 80),
	(34, 119),
	(35, 40),
	(35, 130),
	(35, 168),
	(35, 189),
	(35, 228),
	(35, 230),
	(35, 238),
	(35, 243),
	(35, 262),
	(35, 267),
	(36, 24),
	(36, 136),
	(36, 146),
	(36, 151),
	(36, 212),
	(36, 332),
	(37, 14),
	(37, 109),
	(37, 121),
	(37, 174),
	(37, 177),
	(37, 274),
	(37, 324),
	(37, 352),
	(38, 65),
	(38, 120),
	(38, 158),
	(38, 164),
	(38, 214),
	(38, 266),
	(38, 320),
	(38, 354),
	(39, 64),
	(39, 93),
	(39, 106),
	(39, 115),
	(39, 184),
	(39, 312),
	(39, 374),
	(40, 83),
	(40, 90),
	(40, 159),
	(40, 212),
	(40, 331),
	(41, 42),
	(41, 44),
	(41, 78),
	(41, 86),
	(41, 94),
	(41, 121),
	(41, 206),
	(41, 228),
	(41, 248),
	(41, 271),
	(41, 340),
	(41, 353),
	(42, 39),
	(42, 50),
	(42, 55),
	(42, 109),
	(42, 204),
	(42, 233),
	(42, 288),
	(42, 335),
	(42, 373),
	(43, 17),
	(43, 66),
	(43, 143),
	(44, 67),
	(44, 95),
	(44, 97),
	(44, 99),
	(44, 130),
	(44, 155),
	(45, 5),
	(45, 69),
	(45, 104),
	(45, 111),
	(45, 147),
	(45, 263),
	(45, 274),
	(45, 306),
	(45, 309),
	(45, 331),
	(45, 343),
	(46, 28),
	(46, 45),
	(46, 106),
	(46, 236),
	(46, 328),
	(46, 339),
	(46, 358),
	(46, 360),
	(47, 70),
	(47, 99),
	(47, 134),
	(47, 191),
	(47, 194),
	(47, 253),
	(47, 355),
	(48, 37),
	(48, 111),
	(48, 134),
	(48, 171),
	(48, 183),
	(48, 265),
	(48, 339),
	(49, 64),
	(49, 67),
	(49, 147),
	(49, 215),
	(49, 304),
	(49, 316),
	(50, 122),
	(50, 231),
	(50, 241),
	(50, 242),
	(50, 257),
	(50, 329);

-- Dumping data for table fpmbd.detailpetugasrehabilitasi: ~358 rows (approximately)
INSERT INTO `detailpetugasrehabilitasi` (`PetugasLapas_IDPetugas`, `ProgramRehabilitasi_IDProgram`) VALUES
	(1, 12),
	(1, 15),
	(1, 20),
	(1, 24),
	(1, 30),
	(1, 34),
	(1, 39),
	(1, 40),
	(1, 45),
	(2, 1),
	(2, 4),
	(2, 14),
	(2, 19),
	(2, 21),
	(2, 33),
	(2, 36),
	(2, 43),
	(2, 50),
	(3, 4),
	(3, 20),
	(3, 21),
	(3, 22),
	(3, 24),
	(3, 34),
	(3, 37),
	(3, 50),
	(4, 2),
	(4, 3),
	(4, 6),
	(4, 25),
	(4, 28),
	(4, 34),
	(4, 43),
	(4, 47),
	(4, 49),
	(4, 50),
	(5, 6),
	(5, 7),
	(5, 12),
	(5, 14),
	(5, 38),
	(5, 40),
	(5, 45),
	(5, 50),
	(6, 2),
	(6, 3),
	(6, 8),
	(6, 12),
	(6, 25),
	(6, 32),
	(6, 33),
	(7, 7),
	(7, 11),
	(7, 22),
	(7, 28),
	(7, 33),
	(7, 38),
	(8, 3),
	(8, 6),
	(8, 20),
	(8, 23),
	(8, 33),
	(8, 49),
	(9, 2),
	(9, 16),
	(9, 18),
	(9, 29),
	(9, 30),
	(9, 39),
	(9, 48),
	(10, 1),
	(10, 12),
	(10, 25),
	(10, 27),
	(10, 28),
	(10, 48),
	(10, 49),
	(11, 4),
	(11, 8),
	(11, 18),
	(11, 26),
	(11, 47),
	(12, 8),
	(12, 9),
	(12, 12),
	(12, 26),
	(12, 30),
	(12, 31),
	(12, 34),
	(12, 39),
	(12, 44),
	(13, 11),
	(13, 16),
	(13, 27),
	(13, 33),
	(13, 37),
	(13, 39),
	(13, 40),
	(13, 47),
	(14, 16),
	(14, 23),
	(14, 25),
	(14, 33),
	(14, 45),
	(14, 46),
	(14, 50),
	(15, 1),
	(15, 9),
	(15, 14),
	(15, 17),
	(15, 36),
	(15, 47),
	(16, 1),
	(16, 9),
	(16, 10),
	(16, 12),
	(16, 13),
	(16, 19),
	(16, 27),
	(16, 28),
	(16, 29),
	(16, 43),
	(17, 10),
	(17, 35),
	(17, 43),
	(17, 46),
	(18, 10),
	(18, 11),
	(18, 13),
	(18, 14),
	(18, 15),
	(18, 31),
	(18, 41),
	(18, 42),
	(19, 9),
	(19, 11),
	(19, 26),
	(19, 29),
	(19, 41),
	(19, 47),
	(19, 50),
	(20, 1),
	(20, 3),
	(20, 8),
	(20, 17),
	(20, 18),
	(20, 34),
	(20, 37),
	(20, 46),
	(21, 12),
	(21, 16),
	(21, 19),
	(21, 27),
	(21, 40),
	(22, 17),
	(22, 18),
	(22, 29),
	(22, 30),
	(23, 6),
	(23, 32),
	(23, 35),
	(23, 41),
	(23, 43),
	(23, 46),
	(24, 11),
	(24, 14),
	(24, 25),
	(24, 33),
	(24, 35),
	(24, 36),
	(24, 38),
	(24, 48),
	(25, 1),
	(25, 6),
	(25, 7),
	(25, 15),
	(25, 25),
	(25, 26),
	(25, 34),
	(25, 41),
	(25, 50),
	(26, 2),
	(26, 4),
	(26, 6),
	(26, 20),
	(26, 21),
	(26, 38),
	(27, 1),
	(27, 2),
	(27, 6),
	(27, 11),
	(27, 14),
	(27, 20),
	(27, 21),
	(27, 27),
	(27, 40),
	(28, 4),
	(28, 6),
	(28, 12),
	(28, 24),
	(28, 28),
	(28, 43),
	(28, 45),
	(28, 46),
	(28, 50),
	(29, 3),
	(29, 7),
	(29, 13),
	(29, 23),
	(29, 25),
	(29, 32),
	(29, 35),
	(29, 44),
	(30, 4),
	(30, 29),
	(30, 35),
	(30, 44),
	(30, 47),
	(30, 48),
	(31, 1),
	(31, 2),
	(31, 3),
	(31, 18),
	(31, 19),
	(31, 39),
	(32, 9),
	(32, 10),
	(32, 12),
	(32, 14),
	(32, 22),
	(32, 30),
	(32, 41),
	(32, 42),
	(32, 48),
	(32, 49),
	(33, 11),
	(33, 24),
	(33, 28),
	(33, 29),
	(33, 37),
	(33, 43),
	(33, 48),
	(34, 8),
	(34, 13),
	(34, 34),
	(34, 39),
	(34, 43),
	(34, 50),
	(35, 4),
	(35, 8),
	(35, 9),
	(35, 26),
	(35, 29),
	(35, 31),
	(35, 37),
	(35, 40),
	(36, 7),
	(36, 18),
	(36, 32),
	(36, 35),
	(36, 41),
	(36, 45),
	(36, 46),
	(37, 2),
	(37, 6),
	(37, 10),
	(37, 19),
	(37, 36),
	(37, 39),
	(37, 49),
	(38, 8),
	(38, 20),
	(38, 21),
	(38, 22),
	(38, 25),
	(38, 30),
	(38, 33),
	(38, 34),
	(38, 46),
	(38, 48),
	(39, 5),
	(39, 8),
	(39, 10),
	(39, 22),
	(39, 23),
	(39, 35),
	(39, 36),
	(39, 47),
	(40, 4),
	(40, 10),
	(40, 12),
	(40, 15),
	(40, 18),
	(40, 28),
	(40, 31),
	(40, 37),
	(40, 39),
	(41, 1),
	(41, 14),
	(41, 22),
	(41, 24),
	(41, 29),
	(41, 30),
	(41, 36),
	(41, 44),
	(41, 49),
	(42, 4),
	(42, 19),
	(42, 23),
	(42, 35),
	(42, 40),
	(43, 15),
	(43, 16),
	(43, 33),
	(44, 4),
	(44, 40),
	(44, 42),
	(44, 45),
	(44, 48),
	(45, 10),
	(45, 12),
	(45, 16),
	(45, 19),
	(45, 23),
	(45, 36),
	(45, 40),
	(46, 16),
	(46, 22),
	(46, 23),
	(46, 32),
	(46, 38),
	(46, 43),
	(47, 6),
	(47, 10),
	(47, 15),
	(47, 33),
	(48, 4),
	(48, 14),
	(48, 27),
	(48, 36),
	(48, 41),
	(48, 44),
	(49, 6),
	(49, 9),
	(49, 12),
	(49, 13),
	(49, 18),
	(49, 20),
	(49, 26),
	(49, 32),
	(49, 38),
	(49, 39),
	(49, 41),
	(50, 9),
	(50, 13),
	(50, 14),
	(50, 21),
	(50, 29);

-- Dumping data for table fpmbd.detailrehabilitasinarapidana: ~387 rows (approximately)
INSERT INTO `detailrehabilitasinarapidana` (`ProgramRehabilitasi_IDProgram`, `Narapidana_IDNarapidana`) VALUES
	(1, 18),
	(1, 23),
	(1, 27),
	(1, 28),
	(1, 33),
	(1, 49),
	(1, 51),
	(1, 64),
	(1, 69),
	(1, 93),
	(1, 94),
	(2, 5),
	(2, 15),
	(2, 19),
	(2, 60),
	(2, 72),
	(2, 86),
	(2, 89),
	(3, 19),
	(3, 29),
	(3, 44),
	(3, 65),
	(3, 94),
	(3, 97),
	(4, 2),
	(4, 12),
	(4, 40),
	(4, 75),
	(4, 78),
	(4, 88),
	(4, 91),
	(5, 18),
	(5, 20),
	(5, 21),
	(5, 24),
	(5, 30),
	(5, 45),
	(5, 66),
	(5, 78),
	(6, 20),
	(6, 22),
	(6, 24),
	(6, 47),
	(6, 61),
	(6, 86),
	(6, 95),
	(7, 26),
	(7, 33),
	(7, 36),
	(7, 38),
	(7, 43),
	(7, 56),
	(7, 74),
	(7, 77),
	(7, 84),
	(8, 24),
	(8, 32),
	(8, 35),
	(8, 45),
	(8, 55),
	(8, 84),
	(9, 15),
	(9, 16),
	(9, 27),
	(9, 43),
	(9, 74),
	(10, 16),
	(10, 46),
	(10, 56),
	(10, 90),
	(11, 3),
	(11, 9),
	(11, 16),
	(11, 21),
	(11, 30),
	(11, 57),
	(11, 67),
	(11, 70),
	(11, 86),
	(11, 92),
	(12, 8),
	(12, 66),
	(12, 96),
	(12, 97),
	(13, 28),
	(13, 42),
	(13, 43),
	(13, 58),
	(13, 67),
	(13, 76),
	(13, 79),
	(13, 89),
	(13, 90),
	(13, 93),
	(14, 24),
	(14, 27),
	(14, 37),
	(14, 43),
	(14, 60),
	(15, 5),
	(15, 8),
	(15, 9),
	(15, 15),
	(15, 35),
	(15, 44),
	(15, 48),
	(15, 71),
	(15, 78),
	(15, 82),
	(15, 92),
	(16, 18),
	(16, 31),
	(16, 32),
	(16, 38),
	(16, 79),
	(16, 96),
	(17, 10),
	(17, 29),
	(17, 52),
	(17, 56),
	(17, 59),
	(18, 16),
	(18, 20),
	(18, 37),
	(18, 45),
	(18, 79),
	(18, 80),
	(18, 92),
	(18, 95),
	(19, 22),
	(19, 25),
	(19, 31),
	(19, 37),
	(19, 44),
	(19, 55),
	(19, 62),
	(19, 63),
	(19, 86),
	(19, 94),
	(19, 97),
	(20, 7),
	(20, 33),
	(20, 38),
	(20, 40),
	(20, 41),
	(20, 49),
	(20, 79),
	(20, 92),
	(20, 93),
	(21, 6),
	(21, 14),
	(21, 15),
	(21, 59),
	(21, 67),
	(21, 69),
	(22, 31),
	(22, 32),
	(22, 51),
	(22, 69),
	(22, 86),
	(22, 88),
	(22, 95),
	(22, 98),
	(23, 34),
	(23, 43),
	(23, 50),
	(23, 59),
	(23, 87),
	(23, 97),
	(24, 2),
	(24, 10),
	(24, 11),
	(24, 14),
	(24, 17),
	(24, 26),
	(24, 31),
	(24, 35),
	(24, 40),
	(24, 70),
	(24, 71),
	(24, 94),
	(25, 46),
	(25, 51),
	(25, 55),
	(25, 56),
	(25, 64),
	(25, 73),
	(25, 99),
	(26, 33),
	(26, 42),
	(26, 57),
	(26, 58),
	(26, 72),
	(26, 79),
	(26, 88),
	(27, 2),
	(27, 29),
	(27, 38),
	(27, 61),
	(27, 74),
	(27, 79),
	(27, 98),
	(28, 11),
	(28, 37),
	(28, 71),
	(28, 72),
	(28, 78),
	(28, 91),
	(28, 98),
	(28, 100),
	(29, 14),
	(29, 16),
	(29, 18),
	(29, 34),
	(29, 49),
	(29, 55),
	(29, 57),
	(29, 80),
	(29, 85),
	(29, 88),
	(30, 6),
	(30, 21),
	(30, 25),
	(30, 35),
	(30, 49),
	(30, 51),
	(30, 70),
	(31, 2),
	(31, 4),
	(31, 12),
	(31, 19),
	(31, 29),
	(31, 51),
	(31, 56),
	(31, 66),
	(31, 81),
	(31, 93),
	(32, 4),
	(32, 5),
	(32, 20),
	(32, 36),
	(32, 47),
	(32, 63),
	(32, 64),
	(32, 90),
	(32, 91),
	(32, 100),
	(33, 7),
	(33, 18),
	(33, 29),
	(33, 54),
	(33, 62),
	(33, 69),
	(33, 89),
	(34, 18),
	(34, 22),
	(34, 23),
	(34, 47),
	(34, 53),
	(34, 54),
	(34, 57),
	(34, 62),
	(34, 70),
	(34, 72),
	(35, 29),
	(35, 31),
	(35, 70),
	(35, 73),
	(35, 76),
	(35, 81),
	(35, 91),
	(35, 97),
	(36, 6),
	(36, 10),
	(36, 11),
	(36, 16),
	(36, 20),
	(36, 32),
	(36, 41),
	(36, 55),
	(36, 57),
	(36, 71),
	(36, 82),
	(37, 21),
	(37, 24),
	(37, 25),
	(37, 58),
	(37, 72),
	(37, 86),
	(37, 88),
	(37, 96),
	(37, 98),
	(38, 19),
	(38, 27),
	(38, 39),
	(38, 56),
	(38, 66),
	(38, 93),
	(38, 100),
	(39, 3),
	(39, 9),
	(39, 11),
	(39, 12),
	(39, 20),
	(39, 38),
	(39, 69),
	(39, 73),
	(39, 81),
	(39, 86),
	(40, 12),
	(40, 17),
	(40, 19),
	(40, 33),
	(40, 50),
	(40, 51),
	(40, 68),
	(40, 74),
	(40, 77),
	(40, 96),
	(40, 97),
	(41, 17),
	(41, 18),
	(41, 43),
	(41, 71),
	(41, 80),
	(41, 83),
	(42, 14),
	(42, 34),
	(42, 50),
	(42, 65),
	(43, 8),
	(43, 22),
	(43, 24),
	(43, 40),
	(43, 47),
	(43, 74),
	(43, 82),
	(44, 1),
	(44, 9),
	(44, 20),
	(44, 31),
	(44, 49),
	(44, 60),
	(44, 65),
	(44, 78),
	(44, 79),
	(44, 94),
	(45, 26),
	(45, 48),
	(45, 65),
	(45, 82),
	(46, 1),
	(46, 16),
	(46, 31),
	(46, 63),
	(46, 70),
	(46, 83),
	(46, 98),
	(47, 7),
	(47, 15),
	(47, 19),
	(47, 55),
	(47, 70),
	(47, 99),
	(48, 8),
	(48, 17),
	(48, 57),
	(48, 74),
	(48, 84),
	(48, 85),
	(49, 18),
	(49, 19),
	(49, 36),
	(49, 37),
	(49, 45),
	(49, 53),
	(49, 59),
	(49, 77),
	(49, 85),
	(49, 86),
	(49, 91),
	(49, 97),
	(50, 8),
	(50, 25),
	(50, 39),
	(50, 51),
	(50, 55);

-- Dumping data for table fpmbd.fasilitas: ~30 rows (approximately)
INSERT INTO `fasilitas` (`IDFasilitas`, `NamaFasilitas`, `Deskripsi`, `LokasiDiDalamPenjara`, `Penjara_IDPenjara`) VALUES
	(1, 'Ruang Pelatihan Kerja', 'Ruang ini menyediakan berbagai program pelatihan keterampilan untuk membantu narapidana mendapatkan pekerjaan setelah bebas. Disini mereka belajar berbagai teknik dan memperoleh sertifikasi keahlian untuk meningkatkan peluang di dunia kerja.', 'Lantai 1 Blok D Sayap Utara', 2),
	(2, 'Ruang Konseling dan Terapi', 'Ruang ini menawarkan suasana tenang bagi narapidana untuk berdiskusi dan mengatasi masalah pribadi dengan konselor dan terapis. Layanan konseling individu dan kelompok membantu mereka menghadapi kecanduan dan lainnya', 'Lantai 1 Blok C Sayap Timur', 6),
	(3, 'Ruang Olahraga dan Kebugaran', 'Ruang ini dilengkapi dengan peralatan olahraga untuk membantu narapidana meningkatkan kesehatan fisik dan mental. Mereka dapat mengikuti turnamen olahraga atau mengikuti kelas yoga dan meditasi untuk mengurangi stres.', 'Lantai 2 Blok E Sayap Selatan', 3),
	(4, 'Ruang Seni dan Kreativitas', 'Ruang ini mendorong ekspresi diri dan kreativitas melalui kegiatan seni seperti membuat kerajinan atau bermusik. Ruangan ini dilengkapi dengan peralatan seni dan menyediakan suasana yang kondusif untuk mengembangkan bakat.', 'Lantai 1 Blok C Sayap Timur', 4),
	(5, 'Ruang Perpustakaan dan Pendidikan', 'Ruang Perpustakaan dan Pendidikan merupakan pusat pengetahuan dan pengembangan diri bagi narapidana. Di sini mereka dapat membaca buku-buku pelajaran atau menggunakan komputer untuk mengakses informasi dan mengikuti kursus daring.', 'Lantai 1 Blok A Sayap Timur', 8),
	(6, 'Ruang Pelatihan Kerja', 'Ruang ini menyediakan berbagai program pelatihan keterampilan untuk membantu narapidana mendapatkan pekerjaan setelah bebas. Disini mereka belajar berbagai teknik dan memperoleh sertifikasi keahlian untuk meningkatkan peluang di dunia kerja.', 'Lantai 3 Blok A Sayap Barat', 8),
	(7, 'Ruang Konseling dan Terapi', 'Ruang ini menawarkan suasana tenang bagi narapidana untuk berdiskusi dan mengatasi masalah pribadi dengan konselor dan terapis. Layanan konseling individu dan kelompok membantu mereka menghadapi kecanduan dan lainnya', 'Lantai 1 Blok A Sayap Barat', 1),
	(8, 'Ruang Olahraga dan Kebugaran', 'Ruang ini dilengkapi dengan peralatan olahraga untuk membantu narapidana meningkatkan kesehatan fisik dan mental. Mereka dapat mengikuti turnamen olahraga atau mengikuti kelas yoga dan meditasi untuk mengurangi stres.', 'Lantai 1 Blok D Sayap Timur', 7),
	(9, 'Ruang Seni dan Kreativitas', 'Ruang ini mendorong ekspresi diri dan kreativitas melalui kegiatan seni seperti membuat kerajinan atau bermusik. Ruangan ini dilengkapi dengan peralatan seni dan menyediakan suasana yang kondusif untuk mengembangkan bakat.', 'Lantai 2 Blok E Sayap Selatan', 2),
	(10, 'Ruang Perpustakaan dan Pendidikan', 'Ruang Perpustakaan dan Pendidikan merupakan pusat pengetahuan dan pengembangan diri bagi narapidana. Di sini mereka dapat membaca buku-buku pelajaran atau menggunakan komputer untuk mengakses informasi dan mengikuti kursus daring.', 'Lantai 3 Blok A Sayap Selatan', 2),
	(11, 'Ruang Pelatihan Kerja', 'Ruang ini menyediakan berbagai program pelatihan keterampilan untuk membantu narapidana mendapatkan pekerjaan setelah bebas. Disini mereka belajar berbagai teknik dan memperoleh sertifikasi keahlian untuk meningkatkan peluang di dunia kerja.', 'Lantai 2 Blok B Sayap Timur', 6),
	(12, 'Ruang Konseling dan Terapi', 'Ruang ini menawarkan suasana tenang bagi narapidana untuk berdiskusi dan mengatasi masalah pribadi dengan konselor dan terapis. Layanan konseling individu dan kelompok membantu mereka menghadapi kecanduan dan lainnya', 'Lantai 1 Blok E Sayap Timur', 3),
	(13, 'Ruang Olahraga dan Kebugaran', 'Ruang ini dilengkapi dengan peralatan olahraga untuk membantu narapidana meningkatkan kesehatan fisik dan mental. Mereka dapat mengikuti turnamen olahraga atau mengikuti kelas yoga dan meditasi untuk mengurangi stres.', 'Lantai 3 Blok C Sayap Utara', 6),
	(14, 'Ruang Seni dan Kreativitas', 'Ruang ini mendorong ekspresi diri dan kreativitas melalui kegiatan seni seperti membuat kerajinan atau bermusik. Ruangan ini dilengkapi dengan peralatan seni dan menyediakan suasana yang kondusif untuk mengembangkan bakat.', 'Lantai 2 Blok E Sayap Barat', 8),
	(15, 'Ruang Perpustakaan dan Pendidikan', 'Ruang Perpustakaan dan Pendidikan merupakan pusat pengetahuan dan pengembangan diri bagi narapidana. Di sini mereka dapat membaca buku-buku pelajaran atau menggunakan komputer untuk mengakses informasi dan mengikuti kursus daring.', 'Lantai 1 Blok B Sayap Timur', 3),
	(16, 'Ruang Pelatihan Kerja', 'Ruang ini menyediakan berbagai program pelatihan keterampilan untuk membantu narapidana mendapatkan pekerjaan setelah bebas. Disini mereka belajar berbagai teknik dan memperoleh sertifikasi keahlian untuk meningkatkan peluang di dunia kerja.', 'Lantai 1 Blok D Sayap Utara', 1),
	(17, 'Ruang Konseling dan Terapi', 'Ruang ini menawarkan suasana tenang bagi narapidana untuk berdiskusi dan mengatasi masalah pribadi dengan konselor dan terapis. Layanan konseling individu dan kelompok membantu mereka menghadapi kecanduan dan lainnya', 'Lantai 1 Blok B Sayap Selatan', 7),
	(18, 'Ruang Olahraga dan Kebugaran', 'Ruang ini dilengkapi dengan peralatan olahraga untuk membantu narapidana meningkatkan kesehatan fisik dan mental. Mereka dapat mengikuti turnamen olahraga atau mengikuti kelas yoga dan meditasi untuk mengurangi stres.', 'Lantai 3 Blok B Sayap Barat', 1),
	(19, 'Ruang Seni dan Kreativitas', 'Ruang ini mendorong ekspresi diri dan kreativitas melalui kegiatan seni seperti membuat kerajinan atau bermusik. Ruangan ini dilengkapi dengan peralatan seni dan menyediakan suasana yang kondusif untuk mengembangkan bakat.', 'Lantai 3 Blok C Sayap Timur', 3),
	(20, 'Ruang Perpustakaan dan Pendidikan', 'Ruang Perpustakaan dan Pendidikan merupakan pusat pengetahuan dan pengembangan diri bagi narapidana. Di sini mereka dapat membaca buku-buku pelajaran atau menggunakan komputer untuk mengakses informasi dan mengikuti kursus daring.', 'Lantai 2 Blok C Sayap Timur', 6),
	(21, 'Ruang Pelatihan Kerja', 'Ruang ini menyediakan berbagai program pelatihan keterampilan untuk membantu narapidana mendapatkan pekerjaan setelah bebas. Disini mereka belajar berbagai teknik dan memperoleh sertifikasi keahlian untuk meningkatkan peluang di dunia kerja.', 'Lantai 2 Blok E Sayap Utara', 4),
	(22, 'Ruang Konseling dan Terapi', 'Ruang ini menawarkan suasana tenang bagi narapidana untuk berdiskusi dan mengatasi masalah pribadi dengan konselor dan terapis. Layanan konseling individu dan kelompok membantu mereka menghadapi kecanduan dan lainnya', 'Lantai 1 Blok B Sayap Selatan', 1),
	(23, 'Ruang Olahraga dan Kebugaran', 'Ruang ini dilengkapi dengan peralatan olahraga untuk membantu narapidana meningkatkan kesehatan fisik dan mental. Mereka dapat mengikuti turnamen olahraga atau mengikuti kelas yoga dan meditasi untuk mengurangi stres.', 'Lantai 1 Blok E Sayap Timur', 5),
	(24, 'Ruang Seni dan Kreativitas', 'Ruang ini mendorong ekspresi diri dan kreativitas melalui kegiatan seni seperti membuat kerajinan atau bermusik. Ruangan ini dilengkapi dengan peralatan seni dan menyediakan suasana yang kondusif untuk mengembangkan bakat.', 'Lantai 3 Blok A Sayap Timur', 6),
	(25, 'Ruang Perpustakaan dan Pendidikan', 'Ruang Perpustakaan dan Pendidikan merupakan pusat pengetahuan dan pengembangan diri bagi narapidana. Di sini mereka dapat membaca buku-buku pelajaran atau menggunakan komputer untuk mengakses informasi dan mengikuti kursus daring.', 'Lantai 2 Blok D Sayap Barat', 2),
	(26, 'Ruang Pelatihan Kerja', 'Ruang ini menyediakan berbagai program pelatihan keterampilan untuk membantu narapidana mendapatkan pekerjaan setelah bebas. Disini mereka belajar berbagai teknik dan memperoleh sertifikasi keahlian untuk meningkatkan peluang di dunia kerja.', 'Lantai 2 Blok A Sayap Timur', 5),
	(27, 'Ruang Konseling dan Terapi', 'Ruang ini menawarkan suasana tenang bagi narapidana untuk berdiskusi dan mengatasi masalah pribadi dengan konselor dan terapis. Layanan konseling individu dan kelompok membantu mereka menghadapi kecanduan dan lainnya', 'Lantai 3 Blok D Sayap Barat', 1),
	(28, 'Ruang Olahraga dan Kebugaran', 'Ruang ini dilengkapi dengan peralatan olahraga untuk membantu narapidana meningkatkan kesehatan fisik dan mental. Mereka dapat mengikuti turnamen olahraga atau mengikuti kelas yoga dan meditasi untuk mengurangi stres.', 'Lantai 3 Blok D Sayap Selatan', 3),
	(29, 'Ruang Seni dan Kreativitas', 'Ruang ini mendorong ekspresi diri dan kreativitas melalui kegiatan seni seperti membuat kerajinan atau bermusik. Ruangan ini dilengkapi dengan peralatan seni dan menyediakan suasana yang kondusif untuk mengembangkan bakat.', 'Lantai 2 Blok D Sayap Timur', 8),
	(30, 'Ruang Perpustakaan dan Pendidikan', 'Ruang Perpustakaan dan Pendidikan merupakan pusat pengetahuan dan pengembangan diri bagi narapidana. Di sini mereka dapat membaca buku-buku pelajaran atau menggunakan komputer untuk mengakses informasi dan mengikuti kursus daring.', 'Lantai 1 Blok D Sayap Barat', 3);

-- Dumping data for table fpmbd.fasilitasrehabilitas: ~50 rows (approximately)
INSERT INTO `fasilitasrehabilitas` (`ProgramRehabilitasi_IDProgram`, `Fasilitas_IDFasilitas`) VALUES
	(1, 11),
	(2, 5),
	(3, 26),
	(4, 15),
	(5, 8),
	(6, 24),
	(7, 18),
	(8, 19),
	(9, 2),
	(10, 19),
	(11, 25),
	(12, 13),
	(13, 22),
	(14, 25),
	(15, 8),
	(16, 6),
	(17, 4),
	(18, 14),
	(19, 8),
	(20, 4),
	(21, 13),
	(22, 9),
	(23, 8),
	(24, 2),
	(25, 18),
	(26, 19),
	(27, 26),
	(28, 9),
	(29, 30),
	(30, 5),
	(31, 22),
	(32, 21),
	(33, 19),
	(34, 6),
	(35, 9),
	(36, 22),
	(37, 24),
	(38, 25),
	(39, 26),
	(40, 4),
	(41, 17),
	(42, 23),
	(43, 2),
	(44, 11),
	(45, 29),
	(46, 3),
	(47, 20),
	(48, 7),
	(49, 15),
	(50, 28);

-- Dumping data for table fpmbd.kunjungan: ~375 rows (approximately)
INSERT INTO `kunjungan` (`IDKunjungan`, `TanggalKunjungan`, `KeperluanKunjungan`, `Narapidana_IDNarapidana`, `PetugasLapas_IDPetugas`, `Pengunjung_IDPengunjung`) VALUES
	(1, '2013-05-26', 'Wawancara Jurnalis', 83, 11, 37),
	(2, '2005-10-10', 'Kunjungan keluarga', 34, 1, 3),
	(3, '1995-09-08', 'Penelitian Akademik', 58, 24, 32),
	(4, '2011-08-29', 'Kunjungan keluarga', 79, 49, 4),
	(5, '2005-06-22', 'Kunjungan Teman', 52, 16, 2),
	(6, '2001-01-28', 'Penelitian Akademik', 11, 48, 12),
	(7, '1977-09-05', 'Kunjungan Teman', 59, 17, 23),
	(8, '2004-04-25', 'Wawancara Jurnalis', 2, 30, 11),
	(9, '2017-05-24', 'Kunjungan Teman', 29, 15, 6),
	(10, '1989-07-06', 'Kunjungan keluarga', 72, 7, 21),
	(11, '1993-09-09', 'Penelitian Akademik', 26, 34, 34),
	(12, '1992-04-26', 'Konsultasi Hukum', 26, 39, 9),
	(13, '2002-11-02', 'Bimbingan Spiritual', 46, 23, 13),
	(14, '1986-09-15', 'Bimbingan Spiritual', 71, 27, 8),
	(15, '1998-01-27', 'Penelitian Akademik', 43, 28, 29),
	(16, '2023-01-26', 'Kunjungan Teman', 33, 14, 5),
	(17, '2015-03-15', 'Bimbingan Spiritual', 45, 34, 33),
	(18, '1979-08-17', 'Konsultasi Hukum', 17, 12, 2),
	(19, '2011-08-08', 'Konsultasi Hukum', 76, 49, 1),
	(20, '2010-01-14', 'Kunjungan keluarga', 61, 30, 23),
	(21, '2008-06-20', 'Kunjungan Teman', 65, 46, 7),
	(22, '2009-08-18', 'Kunjungan keluarga', 15, 4, 16),
	(23, '1972-10-25', 'Bimbingan Spiritual', 63, 50, 30),
	(24, '2017-10-21', 'Bimbingan Spiritual', 83, 1, 20),
	(25, '1999-03-15', 'Kunjungan keluarga', 74, 42, 33),
	(26, '2003-12-23', 'Wawancara Jurnalis', 1, 46, 22),
	(27, '2006-06-04', 'program konseling', 52, 15, 11),
	(28, '2006-04-01', 'Konsultasi Hukum', 99, 43, 32),
	(29, '2021-02-16', 'Kunjungan Teman', 33, 9, 3),
	(30, '2002-12-22', 'Kunjungan Teman', 11, 6, 18),
	(31, '2009-05-26', 'program konseling', 69, 29, 7),
	(32, '2015-05-01', 'program konseling', 19, 41, 13),
	(33, '1986-11-10', 'Kunjungan keluarga', 78, 47, 34),
	(34, '1999-04-23', 'Bimbingan Spiritual', 64, 33, 24),
	(35, '1994-02-17', 'program konseling', 57, 34, 37),
	(36, '1990-07-26', 'Konsultasi Hukum', 18, 6, 3),
	(37, '2014-02-16', 'Kunjungan Teman', 20, 5, 26),
	(38, '1999-08-10', 'Bimbingan Spiritual', 30, 4, 34),
	(39, '2013-09-13', 'Penelitian Akademik', 16, 22, 21),
	(40, '1984-02-10', 'Konsultasi Hukum', 96, 32, 8),
	(41, '1995-10-21', 'Wawancara Jurnalis', 13, 42, 11),
	(42, '2006-08-26', 'Kunjungan keluarga', 77, 36, 2),
	(43, '1999-05-11', 'Wawancara Jurnalis', 38, 43, 30),
	(44, '2013-04-18', 'Kunjungan Teman', 23, 8, 39),
	(45, '2016-06-23', 'Bimbingan Spiritual', 82, 42, 6),
	(46, '2002-07-09', 'program konseling', 35, 8, 28),
	(47, '2008-11-26', 'Bimbingan Spiritual', 15, 7, 21),
	(48, '1991-04-12', 'Kunjungan keluarga', 72, 44, 5),
	(49, '2018-08-05', 'Kunjungan keluarga', 19, 20, 26),
	(50, '2007-09-20', 'Bimbingan Spiritual', 95, 6, 29),
	(51, '2015-11-26', 'program konseling', 83, 48, 11),
	(52, '1970-09-13', 'Kunjungan Teman', 63, 11, 39),
	(53, '1998-01-19', 'Penelitian Akademik', 50, 15, 2),
	(54, '1998-11-09', 'Wawancara Jurnalis', 80, 50, 40),
	(55, '2006-01-09', 'Kunjungan Teman', 98, 45, 14),
	(56, '1997-04-13', 'program konseling', 26, 21, 28),
	(57, '1977-08-31', 'Kunjungan Teman', 59, 22, 12),
	(58, '2013-02-15', 'Wawancara Jurnalis', 45, 43, 1),
	(59, '2000-06-05', 'Penelitian Akademik', 84, 19, 23),
	(60, '1995-04-03', 'Bimbingan Spiritual', 90, 38, 24),
	(61, '1984-01-20', 'Penelitian Akademik', 78, 27, 30),
	(62, '1985-08-12', 'Kunjungan Teman', 32, 18, 13),
	(63, '2009-01-14', 'Penelitian Akademik', 81, 1, 20),
	(64, '1987-08-18', 'program konseling', 7, 39, 22),
	(65, '2017-01-31', 'program konseling', 14, 9, 6),
	(66, '2004-09-20', 'Kunjungan keluarga', 85, 11, 38),
	(67, '1995-10-25', 'Kunjungan keluarga', 97, 1, 25),
	(68, '2003-04-11', 'Kunjungan Teman', 11, 2, 21),
	(69, '1971-09-16', 'Wawancara Jurnalis', 21, 8, 20),
	(70, '2006-03-05', 'Wawancara Jurnalis', 100, 6, 29),
	(71, '2012-12-06', 'Bimbingan Spiritual', 9, 47, 26),
	(72, '1995-06-23', 'Bimbingan Spiritual', 10, 44, 18),
	(73, '2016-09-08', 'Kunjungan Teman', 4, 18, 14),
	(74, '2016-11-28', 'Bimbingan Spiritual', 82, 40, 7),
	(75, '2013-08-11', 'Kunjungan Teman', 48, 10, 36),
	(76, '1992-03-08', 'program konseling', 86, 46, 8),
	(77, '2012-02-06', 'program konseling', 61, 11, 9),
	(78, '1994-12-02', 'Wawancara Jurnalis', 90, 19, 2),
	(79, '1979-03-07', 'Kunjungan keluarga', 17, 30, 7),
	(80, '2019-03-20', 'Konsultasi Hukum', 33, 43, 34),
	(81, '2006-09-11', 'Bimbingan Spiritual', 46, 49, 22),
	(82, '1996-09-24', 'program konseling', 50, 40, 31),
	(83, '2012-05-09', 'Penelitian Akademik', 37, 37, 29),
	(84, '2012-05-06', 'Bimbingan Spiritual', 29, 26, 26),
	(85, '1989-08-25', 'program konseling', 71, 32, 6),
	(86, '1996-12-25', 'program konseling', 30, 38, 1),
	(87, '1992-06-22', 'Konsultasi Hukum', 10, 3, 15),
	(88, '2008-01-28', 'Bimbingan Spiritual', 81, 1, 19),
	(89, '2012-06-24', 'Kunjungan Teman', 76, 17, 35),
	(90, '2012-07-20', 'Konsultasi Hukum', 9, 15, 31),
	(91, '2012-05-15', 'program konseling', 55, 48, 38),
	(92, '2003-12-29', 'Bimbingan Spiritual', 22, 27, 25),
	(93, '1989-01-20', 'program konseling', 12, 10, 7),
	(94, '1990-09-23', 'program konseling', 92, 41, 5),
	(95, '2013-12-21', 'Bimbingan Spiritual', 20, 32, 9),
	(96, '1971-03-01', 'Kunjungan Teman', 63, 40, 6),
	(97, '1997-06-15', 'Kunjungan Teman', 39, 36, 29),
	(98, '2000-01-19', 'Kunjungan keluarga', 13, 21, 16),
	(99, '2015-08-17', 'Kunjungan keluarga', 28, 4, 2),
	(100, '2004-07-27', 'Kunjungan Teman', 35, 21, 36),
	(101, '1995-01-07', 'program konseling', 26, 18, 2),
	(102, '2025-06-04', 'Konsultasi Hukum', 47, 46, 31),
	(103, '2002-10-20', 'Wawancara Jurnalis', 34, 1, 3),
	(104, '1972-04-30', 'Bimbingan Spiritual', 21, 26, 26),
	(105, '1991-07-02', 'Wawancara Jurnalis', 86, 14, 1),
	(106, '2009-10-07', 'program konseling', 20, 30, 27),
	(107, '1988-03-21', 'Kunjungan keluarga', 7, 15, 8),
	(108, '1996-09-18', 'Konsultasi Hukum', 93, 27, 29),
	(109, '2015-02-25', 'Kunjungan keluarga', 82, 48, 32),
	(110, '2016-09-15', 'Penelitian Akademik', 16, 39, 25),
	(111, '2004-08-19', 'Bimbingan Spiritual', 40, 50, 27),
	(112, '2012-12-05', 'Kunjungan Teman', 29, 12, 18),
	(113, '1992-03-29', 'Bimbingan Spiritual', 53, 7, 21),
	(114, '2004-04-20', 'Bimbingan Spiritual', 34, 14, 9),
	(115, '2010-04-21', 'Kunjungan Teman', 37, 48, 38),
	(116, '2012-04-06', 'Bimbingan Spiritual', 81, 39, 34),
	(117, '2003-12-03', 'Wawancara Jurnalis', 27, 36, 31),
	(118, '1970-11-06', 'Wawancara Jurnalis', 63, 25, 23),
	(119, '2014-03-15', 'Kunjungan Teman', 14, 32, 40),
	(120, '2004-01-05', 'Kunjungan Teman', 35, 2, 22),
	(121, '2013-01-17', 'Penelitian Akademik', 82, 28, 24),
	(122, '1985-10-12', 'Kunjungan Teman', 32, 25, 27),
	(123, '1983-04-18', 'program konseling', 17, 30, 10),
	(124, '2005-10-29', 'Wawancara Jurnalis', 77, 15, 24),
	(125, '1987-03-09', 'Kunjungan Teman', 31, 14, 12),
	(126, '1997-03-19', 'Kunjungan Teman', 10, 47, 22),
	(127, '1995-11-10', 'Kunjungan Teman', 93, 41, 9),
	(128, '1991-03-04', 'Kunjungan Teman', 53, 1, 37),
	(129, '1982-04-14', 'Bimbingan Spiritual', 59, 43, 33),
	(130, '2001-05-21', 'Konsultasi Hukum', 62, 38, 35),
	(131, '2017-01-01', 'Wawancara Jurnalis', 83, 8, 31),
	(132, '2008-03-18', 'Kunjungan keluarga', 24, 23, 34),
	(133, '2012-07-30', 'program konseling', 55, 35, 39),
	(134, '1996-05-23', 'Bimbingan Spiritual', 93, 18, 20),
	(135, '2011-09-14', 'Konsultasi Hukum', 23, 39, 34),
	(136, '2025-09-10', 'Konsultasi Hukum', 47, 49, 38),
	(137, '1998-07-22', 'Kunjungan keluarga', 42, 7, 5),
	(138, '2005-03-22', 'Kunjungan keluarga', 84, 32, 17),
	(139, '2011-02-05', 'program konseling', 9, 25, 27),
	(140, '2015-04-14', 'Wawancara Jurnalis', 8, 15, 6),
	(141, '1999-07-26', 'Penelitian Akademik', 44, 2, 25),
	(142, '1999-05-16', 'Konsultasi Hukum', 38, 12, 13),
	(143, '1989-06-04', 'Kunjungan keluarga', 31, 5, 28),
	(144, '1977-12-07', 'program konseling', 17, 34, 13),
	(145, '1990-01-28', 'Bimbingan Spiritual', 68, 26, 28),
	(146, '2015-07-26', 'Bimbingan Spiritual', 82, 2, 32),
	(147, '2002-09-30', 'program konseling', 65, 48, 26),
	(148, '2008-12-15', 'program konseling', 6, 42, 24),
	(149, '2020-09-13', 'Konsultasi Hukum', 33, 20, 8),
	(150, '2007-06-24', 'Bimbingan Spiritual', 88, 17, 37),
	(151, '1998-12-18', 'Kunjungan Teman', 74, 50, 12),
	(152, '2003-03-19', 'Konsultasi Hukum', 52, 38, 30),
	(153, '1999-10-20', 'Kunjungan keluarga', 91, 28, 5),
	(154, '2007-07-29', 'Kunjungan Teman', 24, 43, 4),
	(155, '1999-03-23', 'Wawancara Jurnalis', 91, 30, 1),
	(156, '2002-07-07', 'program konseling', 49, 47, 26),
	(157, '2010-03-29', 'Penelitian Akademik', 24, 32, 33),
	(158, '1999-04-16', 'Bimbingan Spiritual', 30, 24, 2),
	(159, '2011-04-16', 'Kunjungan keluarga', 69, 3, 19),
	(160, '1986-06-29', 'Penelitian Akademik', 36, 9, 9),
	(161, '1992-07-19', 'Penelitian Akademik', 92, 40, 35),
	(162, '1987-01-01', 'program konseling', 32, 17, 18),
	(163, '1973-02-05', 'Penelitian Akademik', 21, 26, 6),
	(164, '1999-12-28', 'Wawancara Jurnalis', 90, 14, 12),
	(165, '1997-12-17', 'program konseling', 57, 43, 38),
	(166, '2001-04-12', 'Bimbingan Spiritual', 44, 18, 18),
	(167, '2023-04-30', 'Penelitian Akademik', 47, 14, 16),
	(168, '1994-07-05', 'Kunjungan keluarga', 26, 38, 12),
	(169, '1995-05-19', 'Kunjungan Teman', 58, 26, 32),
	(170, '1987-03-24', 'Wawancara Jurnalis', 32, 12, 13),
	(171, '2015-01-03', 'Bimbingan Spiritual', 16, 24, 24),
	(172, '1988-04-29', 'Kunjungan keluarga', 71, 29, 5),
	(173, '2005-01-26', 'Kunjungan keluarga', 35, 41, 23),
	(174, '2001-10-24', 'Bimbingan Spiritual', 64, 8, 39),
	(175, '1989-12-07', 'Konsultasi Hukum', 31, 4, 38),
	(176, '2003-10-22', 'Wawancara Jurnalis', 2, 3, 22),
	(177, '1999-03-16', 'Wawancara Jurnalis', 2, 1, 15),
	(178, '1995-05-16', 'Bimbingan Spiritual', 42, 50, 39),
	(179, '2005-08-04', 'Wawancara Jurnalis', 22, 23, 14),
	(180, '1999-02-18', 'program konseling', 39, 3, 32),
	(181, '2004-10-01', 'Penelitian Akademik', 77, 49, 40),
	(182, '2004-10-05', 'program konseling', 25, 44, 13),
	(183, '2007-11-24', 'Konsultasi Hukum', 75, 17, 23),
	(184, '1999-08-27', 'Konsultasi Hukum', 90, 15, 18),
	(185, '2009-08-09', 'Kunjungan keluarga', 24, 35, 27),
	(186, '1989-04-26', 'Kunjungan keluarga', 18, 48, 21),
	(187, '1983-03-20', 'Bimbingan Spiritual', 78, 7, 3),
	(188, '1996-12-16', 'Kunjungan Teman', 90, 7, 28),
	(189, '2012-08-28', 'Konsultasi Hukum', 23, 43, 36),
	(190, '2004-02-27', 'Bimbingan Spiritual', 77, 17, 8),
	(191, '1986-03-13', 'Kunjungan keluarga', 53, 23, 9),
	(192, '1979-11-17', 'Kunjungan Teman', 94, 15, 7),
	(193, '2000-10-03', 'Kunjungan keluarga', 84, 35, 40),
	(194, '1999-04-02', 'Wawancara Jurnalis', 50, 36, 38),
	(195, '1992-01-05', 'Penelitian Akademik', 97, 49, 2),
	(196, '2002-07-11', 'Bimbingan Spiritual', 40, 37, 14),
	(197, '1994-09-10', 'Penelitian Akademik', 42, 33, 31),
	(198, '2013-11-08', 'Kunjungan keluarga', 29, 27, 24),
	(199, '1999-03-07', 'Kunjungan Teman', 50, 7, 2),
	(200, '2019-07-10', 'Bimbingan Spiritual', 4, 46, 20),
	(201, '1998-12-04', 'Kunjungan keluarga', 91, 3, 37),
	(202, '2017-11-28', 'Kunjungan keluarga', 83, 17, 26),
	(203, '1986-02-14', 'Kunjungan keluarga', 32, 32, 25),
	(204, '1991-06-05', 'Kunjungan Teman', 68, 26, 34),
	(205, '2004-05-12', 'Wawancara Jurnalis', 98, 5, 12),
	(206, '2007-01-23', 'Penelitian Akademik', 51, 36, 21),
	(207, '2000-10-29', 'Konsultasi Hukum', 2, 40, 28),
	(208, '2006-02-27', 'Kunjungan keluarga', 22, 8, 30),
	(209, '1984-06-07', 'program konseling', 96, 9, 22),
	(210, '1986-06-08', 'Kunjungan keluarga', 32, 36, 21),
	(211, '1988-04-03', 'Kunjungan Teman', 31, 10, 12),
	(212, '1999-02-28', 'Konsultasi Hukum', 49, 37, 14),
	(213, '1988-06-14', 'program konseling', 86, 7, 4),
	(214, '1988-01-30', 'Kunjungan Teman', 96, 4, 30),
	(215, '1997-09-11', 'Kunjungan keluarga', 26, 18, 9),
	(216, '1995-01-05', 'Wawancara Jurnalis', 97, 49, 19),
	(217, '2008-04-25', 'Kunjungan keluarga', 15, 38, 13),
	(218, '1971-11-07', 'program konseling', 5, 28, 37),
	(219, '2009-02-16', 'Wawancara Jurnalis', 88, 41, 16),
	(220, '1994-04-08', 'Penelitian Akademik', 90, 27, 33),
	(221, '2011-11-23', 'Bimbingan Spiritual', 55, 24, 29),
	(222, '2004-06-01', 'Kunjungan keluarga', 85, 30, 10),
	(223, '2012-12-22', 'Kunjungan Teman', 23, 9, 36),
	(224, '1997-10-05', 'Kunjungan Teman', 10, 19, 34),
	(225, '1997-12-08', 'Bimbingan Spiritual', 42, 31, 24),
	(226, '2007-02-18', 'Konsultasi Hukum', 35, 29, 7),
	(227, '2001-03-20', 'Penelitian Akademik', 91, 13, 4),
	(228, '1992-08-04', 'Bimbingan Spiritual', 73, 12, 13),
	(229, '2008-06-30', 'Konsultasi Hukum', 65, 3, 15),
	(230, '1998-12-04', 'Konsultasi Hukum', 64, 5, 21),
	(231, '2003-05-24', 'program konseling', 100, 1, 33),
	(232, '2007-04-14', 'Kunjungan keluarga', 98, 31, 15),
	(233, '2012-07-06', 'Wawancara Jurnalis', 69, 43, 30),
	(234, '1977-03-08', 'Bimbingan Spiritual', 66, 3, 21),
	(235, '2000-12-27', 'Penelitian Akademik', 44, 47, 29),
	(236, '2003-10-20', 'Kunjungan keluarga', 22, 28, 40),
	(237, '2025-11-16', 'Konsultasi Hukum', 47, 11, 1),
	(238, '1997-07-06', 'Konsultasi Hukum', 50, 33, 19),
	(239, '2009-12-01', 'Konsultasi Hukum', 24, 41, 37),
	(240, '2006-06-10', 'Bimbingan Spiritual', 25, 19, 36),
	(241, '2001-01-24', 'Penelitian Akademik', 39, 39, 33),
	(242, '2003-02-23', 'program konseling', 52, 42, 18),
	(243, '2008-08-21', 'Bimbingan Spiritual', 3, 5, 24),
	(244, '2008-06-29', 'Kunjungan keluarga', 6, 2, 28),
	(245, '1996-06-22', 'program konseling', 42, 13, 9),
	(246, '2026-01-30', 'Konsultasi Hukum', 47, 49, 12),
	(247, '2012-07-23', 'Kunjungan keluarga', 55, 50, 35),
	(248, '1998-11-01', 'program konseling', 13, 46, 15),
	(249, '2017-02-09', 'Kunjungan Teman', 28, 42, 7),
	(250, '2005-05-14', 'Konsultasi Hukum', 35, 14, 36),
	(251, '2006-01-26', 'Kunjungan Teman', 95, 26, 19),
	(252, '1995-08-12', 'Bimbingan Spiritual', 26, 10, 22),
	(253, '2016-03-15', 'Kunjungan Teman', 83, 27, 18),
	(254, '1972-01-24', 'Penelitian Akademik', 21, 10, 24),
	(255, '1998-01-30', 'Bimbingan Spiritual', 39, 27, 37),
	(256, '2013-03-28', 'Bimbingan Spiritual', 20, 46, 23),
	(257, '2007-04-12', 'Konsultasi Hukum', 46, 16, 30),
	(258, '2005-08-15', 'Wawancara Jurnalis', 52, 15, 29),
	(259, '2006-01-23', 'Bimbingan Spiritual', 85, 14, 26),
	(260, '2006-10-21', 'Konsultasi Hukum', 81, 26, 4),
	(261, '2020-09-12', 'Konsultasi Hukum', 54, 1, 13),
	(262, '2021-11-24', 'program konseling', 33, 33, 3),
	(263, '2005-03-08', 'Konsultasi Hukum', 24, 17, 8),
	(264, '2007-08-29', 'Penelitian Akademik', 40, 42, 27),
	(265, '1986-12-28', 'Penelitian Akademik', 78, 9, 30),
	(266, '1995-02-26', 'Kunjungan keluarga', 93, 41, 19),
	(267, '1986-09-23', 'program konseling', 18, 40, 17),
	(268, '2003-04-24', 'program konseling', 25, 20, 31),
	(269, '2001-04-18', 'Wawancara Jurnalis', 1, 46, 3),
	(270, '1982-08-02', 'Konsultasi Hukum', 36, 38, 27),
	(271, '2003-07-16', 'Wawancara Jurnalis', 35, 22, 32),
	(272, '1970-04-01', 'Kunjungan Teman', 21, 19, 16),
	(273, '2025-03-07', 'Kunjungan Teman', 33, 15, 10),
	(274, '2007-10-23', 'Kunjungan keluarga', 81, 31, 20),
	(275, '2004-03-30', 'Kunjungan Teman', 99, 16, 4),
	(276, '1998-05-26', 'Bimbingan Spiritual', 43, 22, 35),
	(277, '1987-05-12', 'Kunjungan Teman', 36, 23, 34),
	(278, '1983-11-26', 'Kunjungan keluarga', 32, 24, 25),
	(279, '2010-07-24', 'Wawancara Jurnalis', 23, 36, 37),
	(280, '1990-03-12', 'Penelitian Akademik', 71, 41, 11),
	(281, '1996-11-11', 'Bimbingan Spiritual', 42, 12, 2),
	(282, '1989-12-22', 'Konsultasi Hukum', 7, 16, 22),
	(283, '2019-03-02', 'Penelitian Akademik', 19, 1, 13),
	(284, '1992-01-31', 'Penelitian Akademik', 73, 47, 31),
	(285, '2007-10-31', 'program konseling', 27, 45, 29),
	(286, '1992-05-06', 'program konseling', 97, 48, 16),
	(287, '1977-06-03', 'Kunjungan keluarga', 17, 47, 32),
	(288, '2011-10-21', 'Penelitian Akademik', 8, 37, 15),
	(289, '2016-06-09', 'program konseling', 16, 7, 19),
	(290, '1991-08-16', 'Kunjungan Teman', 92, 38, 26),
	(291, '2007-07-11', 'Konsultasi Hukum', 75, 20, 16),
	(292, '1981-09-15', 'Kunjungan Teman', 59, 4, 30),
	(293, '1995-06-30', 'Kunjungan keluarga', 57, 16, 23),
	(294, '1999-01-07', 'Bimbingan Spiritual', 91, 5, 25),
	(295, '2002-11-05', 'program konseling', 99, 14, 34),
	(296, '2007-07-16', 'Bimbingan Spiritual', 65, 11, 38),
	(297, '2004-02-10', 'Penelitian Akademik', 62, 23, 35),
	(298, '1982-05-16', 'program konseling', 94, 40, 35),
	(299, '2008-09-15', 'Kunjungan keluarga', 70, 26, 38),
	(300, '2006-01-14', 'Penelitian Akademik', 89, 32, 24),
	(301, '1987-12-02', 'Penelitian Akademik', 86, 27, 17),
	(302, '2006-01-02', 'Bimbingan Spiritual', 62, 4, 26),
	(303, '2001-12-15', 'Kunjungan Teman', 91, 50, 20),
	(304, '2009-04-12', 'Kunjungan keluarga', 88, 33, 10),
	(305, '1997-03-09', 'Kunjungan keluarga', 57, 19, 4),
	(306, '1985-08-31', 'Penelitian Akademik', 71, 25, 22),
	(307, '2013-04-30', 'program konseling', 55, 13, 39),
	(308, '2015-04-17', 'Penelitian Akademik', 8, 28, 1),
	(309, '1997-12-13', 'Bimbingan Spiritual', 49, 17, 2),
	(310, '2001-08-08', 'Wawancara Jurnalis', 25, 45, 13),
	(311, '2006-03-15', 'Kunjungan Teman', 62, 27, 8),
	(312, '1997-04-24', 'Kunjungan Teman', 10, 43, 15),
	(313, '1988-04-06', 'program konseling', 72, 4, 4),
	(314, '1983-02-03', 'Kunjungan Teman', 78, 38, 36),
	(315, '1994-04-27', 'Bimbingan Spiritual', 73, 21, 26),
	(316, '1988-01-07', 'Kunjungan keluarga', 86, 36, 23),
	(317, '2008-08-28', 'Konsultasi Hukum', 37, 12, 20),
	(318, '2013-12-16', 'Bimbingan Spiritual', 82, 11, 39),
	(319, '1988-09-05', 'Konsultasi Hukum', 96, 47, 37),
	(320, '2011-01-19', 'Kunjungan keluarga', 89, 24, 23),
	(321, '1981-05-09', 'program konseling', 94, 8, 21),
	(322, '1984-06-28', 'Kunjungan keluarga', 32, 36, 36),
	(323, '2009-01-21', 'Kunjungan keluarga', 51, 35, 17),
	(324, '1979-12-19', 'Bimbingan Spiritual', 56, 18, 13),
	(325, '2004-07-26', 'Kunjungan Teman', 65, 3, 26),
	(326, '2007-08-23', 'Kunjungan keluarga', 98, 48, 38),
	(327, '2013-12-29', 'Kunjungan keluarga', 28, 9, 27),
	(328, '1998-12-02', 'Wawancara Jurnalis', 90, 11, 15),
	(329, '2009-07-20', 'Wawancara Jurnalis', 20, 32, 37),
	(330, '2008-04-05', 'Penelitian Akademik', 6, 15, 40),
	(331, '2013-02-19', 'Bimbingan Spiritual', 28, 39, 35),
	(332, '2004-07-30', 'Wawancara Jurnalis', 2, 37, 12),
	(333, '2006-11-28', 'Bimbingan Spiritual', 40, 16, 36),
	(334, '1992-06-03', 'Kunjungan keluarga', 97, 46, 34),
	(335, '1969-02-02', 'program konseling', 21, 9, 17),
	(336, '1997-05-30', 'Konsultasi Hukum', 50, 35, 14),
	(337, '1996-01-27', 'Penelitian Akademik', 13, 29, 27),
	(338, '1995-11-25', 'Wawancara Jurnalis', 74, 19, 29),
	(339, '1985-07-07', 'Penelitian Akademik', 12, 50, 30),
	(340, '1983-06-25', 'Wawancara Jurnalis', 96, 31, 26),
	(341, '1990-04-07', 'Konsultasi Hukum', 7, 2, 24),
	(342, '1988-10-25', 'Konsultasi Hukum', 31, 42, 13),
	(343, '2022-04-20', 'Kunjungan keluarga', 33, 3, 3),
	(344, '2001-09-25', 'Kunjungan Teman', 34, 13, 36),
	(345, '2005-08-19', 'Kunjungan Teman', 70, 41, 12),
	(346, '2015-05-08', 'Konsultasi Hukum', 60, 50, 31),
	(347, '1971-06-16', 'program konseling', 21, 45, 32),
	(348, '1992-09-26', 'Penelitian Akademik', 26, 36, 23),
	(349, '1998-09-19', 'Kunjungan keluarga', 93, 11, 15),
	(350, '1989-05-22', 'Penelitian Akademik', 68, 47, 6),
	(351, '1990-02-28', 'Bimbingan Spiritual', 86, 16, 2),
	(352, '2012-05-02', 'Wawancara Jurnalis', 55, 20, 26),
	(353, '1999-07-30', 'Bimbingan Spiritual', 91, 10, 8),
	(354, '2008-10-16', 'Kunjungan keluarga', 3, 33, 37),
	(355, '1969-08-27', 'Bimbingan Spiritual', 5, 39, 20),
	(356, '1994-06-09', 'Penelitian Akademik', 74, 18, 25),
	(357, '1997-10-17', 'Konsultasi Hukum', 64, 1, 39),
	(358, '1974-04-14', 'Wawancara Jurnalis', 63, 31, 11),
	(359, '1978-11-17', 'program konseling', 17, 5, 16),
	(360, '2017-10-31', 'Penelitian Akademik', 28, 49, 38),
	(361, '2008-12-01', 'Wawancara Jurnalis', 98, 4, 18),
	(362, '2016-05-21', 'Wawancara Jurnalis', 14, 30, 17),
	(363, '2004-04-27', 'program konseling', 62, 38, 35),
	(364, '2013-11-13', 'Kunjungan keluarga', 48, 44, 29),
	(365, '2012-06-15', 'Kunjungan keluarga', 82, 17, 24),
	(366, '2011-08-25', 'Penelitian Akademik', 23, 6, 5),
	(367, '2015-06-20', 'program konseling', 4, 22, 30),
	(368, '2003-03-18', 'Kunjungan Teman', 11, 35, 34),
	(369, '1997-08-21', 'Bimbingan Spiritual', 30, 21, 33),
	(370, '2013-12-07', 'Kunjungan Teman', 45, 32, 22),
	(371, '2008-04-02', 'Penelitian Akademik', 52, 28, 19),
	(372, '1995-04-11', 'Konsultasi Hukum', 67, 2, 10),
	(373, '1995-03-13', 'Wawancara Jurnalis', 42, 8, 1),
	(374, '2006-06-06', 'Kunjungan Teman', 35, 43, 28),
	(375, '2000-02-18', 'Bimbingan Spiritual', 1, 34, 4);

-- Dumping data for table fpmbd.narapidana: ~100 rows (approximately)
INSERT INTO `narapidana` (`IDNarapidana`, `Nama`, `TanggalLahir`, `Alamat`, `JenisKelamin`, `Kejahatan`, `TanggalMasuk`, `TanggalKeluar`, `Sel_NomorSel`) VALUES
	(1, 'Orrin Pottiphar', '1955-09-05', '89 Becker Terrace', 'F', 'Balap liar', '1998-12-18', '0000-00-00', 9),
	(2, 'Tarrance Dorman', '1940-02-11', '19 Johnson Court', 'F', 'Balap liar', '1999-01-05', '0000-00-00', 40),
	(3, 'Trent Oakenford', '1992-07-01', '3 Manitowish Plaza', 'M', 'Pencurian', '2008-03-27', '0000-00-00', 43),
	(4, 'Guido Instone', '1997-01-06', '6 Jana Hill', 'M', 'Penjualan minuman keras (miras) ilegal', '2013-08-13', '0000-00-00', 41),
	(5, 'Tracie Peabody', '1945-01-04', '3 Riverside Pass', 'M', 'Pelecehan seksual', '1968-03-10', '0000-00-00', 11),
	(6, 'Thorpe Ciani', '1986-11-24', '42 Charing Cross Avenue', 'F', 'Balap liar', '2006-06-04', '0000-00-00', 6),
	(7, 'Brian Nash', '1941-10-19', '214 Fair Oaks Way', 'F', 'Kekerasan', '1987-03-06', '0000-00-00', 31),
	(8, 'Dulce Ashmore', '1995-12-15', '02 Stang Lane', 'F', 'Vandalisme', '2010-05-31', '0000-00-00', 18),
	(9, 'Jeannine Sylett', '1995-07-12', '25217 Union Road', 'F', 'Judi', '2010-03-07', '0000-00-00', 16),
	(10, 'Leigh Prior', '1959-04-04', '58 Orin Alley', 'M', 'Penipuan', '1992-02-01', '0000-00-00', 24),
	(11, 'Peyter Poulsum', '1945-08-21', '7056 Muir Center', 'M', 'Pencopetan', '1999-08-07', '0000-00-00', 55),
	(12, 'Adrian Maypowder', '1962-02-07', '23 Mayfield Trail', 'M', 'Pelecehan seksual', '1984-05-25', '0000-00-00', 63),
	(13, 'Pier Nelle', '1957-10-05', '8410 Quincy Crossing', 'F', 'Penipuan', '1994-10-28', '0000-00-00', 30),
	(14, 'Nickey Shepland', '2000-05-26', '024 Sutteridge Drive', 'M', 'Pencurian', '2013-12-02', '0000-00-00', 28),
	(15, 'Nert Wildin', '2002-10-18', '7 Dayton Place', 'M', 'Pencurian', '2007-10-07', '0000-00-00', 68),
	(16, 'Kenon Thame', '1996-09-05', '1 Warrior Center', 'F', 'Penipuan', '2011-03-01', '2016-08-30', 39),
	(17, 'Stephanie Keaves', '1959-04-28', '565 Warner Circle', 'F', 'Pencopetan', '1977-02-23', '0000-00-00', 49),
	(18, 'Erin Molloy', '1947-04-14', '5188 Grim Trail', 'F', 'Judi', '1984-12-09', '2004-05-14', 65),
	(19, 'Nigel Plaid', '1996-06-07', '3979 Sommers Park', 'M', 'Penyalahgunaan narkoba', '2012-11-27', '0000-00-00', 68),
	(20, 'Trumaine Skerm', '1992-08-15', '6376 Caliangt Circle', 'F', 'Pelecehan seksual', '2009-01-29', '0000-00-00', 3),
	(21, 'Bethanne Ferschke', '1942-07-06', '5307 Swallow Trail', 'M', 'Vandalisme', '1967-08-27', '1977-12-17', 19),
	(22, 'Forester Nehl', '1957-01-14', '12 Iowa Pass', 'M', 'Pencurian', '2001-01-18', '0000-00-00', 59),
	(23, 'Barbabas Mecozzi', '1991-11-27', '113 Sachtjen Drive', 'F', 'Judi', '2007-08-20', '0000-00-00', 46),
	(24, 'Gage Cridge', '1986-02-22', '1566 Graedel Center', 'F', 'Kekerasan', '2004-06-12', '0000-00-00', 2),
	(25, 'Osmund Delahunty', '1973-06-23', '8 Iowa Street', 'M', 'Penipuan', '2000-05-04', '0000-00-00', 14),
	(26, 'Bambi Baskerfield', '1966-07-19', '17849 Farwell Alley', 'M', 'Balap liar', '1991-09-05', '0000-00-00', 49),
	(27, 'Stafford Tugman', '1981-01-04', '2077 Warrior Trail', 'M', 'Pencopetan', '2003-08-28', '0000-00-00', 15),
	(28, 'Joleen Stealfox', '1998-04-14', '7 North Park', 'M', 'Penyalahgunaan narkoba', '2012-08-21', '0000-00-00', 58),
	(29, 'Virgilio Harsent', '1995-07-28', '6315 Roxbury Lane', 'M', 'Pencurian', '2011-12-18', '2023-06-09', 8),
	(30, 'Bernelle Rosell', '1968-07-28', '5932 Hazelcrest Center', 'F', 'Balap liar', '1995-11-01', '1996-11-17', 11),
	(31, 'Shaine Konneke', '1945-04-14', '50295 Ridgeway Circle', 'M', 'Balap liar', '1984-03-05', '2001-06-25', 43),
	(32, 'Dore Ales0', '1959-07-02', '769 Messerschmidt Avenue', 'M', 'Penipuan', '1983-07-20', '0000-00-00', 64),
	(33, 'Shantee Priditt', '2002-11-24', '651 Sutherland Way', 'F', 'Kekerasan', '2018-12-02', '0000-00-00', 12),
	(34, 'Harmony Burdus', '1944-10-15', '1784 Doe Crossing Court', 'F', 'Pencopetan', '1999-08-15', '0000-00-00', 56),
	(35, 'Ally Wisbey', '1949-08-21', '563 Monterey Road', 'M', 'Penyalahgunaan narkoba', '2001-02-10', '0000-00-00', 48),
	(36, 'Ara Starkie', '1950-02-11', '5 Declaration Way', 'M', 'Pelecehan seksual', '1981-07-29', '0000-00-00', 19),
	(37, 'Lenna Tichner', '1991-12-30', '052 Manley Lane', 'F', 'Kekerasan', '2008-02-18', '0000-00-00', 19),
	(38, 'Rudie Hilland', '1946-06-03', '92 Butterfield Court', 'M', 'Penjualan minuman keras (miras) ilegal', '1993-04-13', '0000-00-00', 55),
	(39, 'Leonerd Westwater', '1979-05-15', '69 Hoffman Crossing', 'F', 'Pencurian', '1996-10-21', '2012-07-12', 63),
	(40, 'Gayelord Stain', '1948-09-02', '3 Forest Junction', 'F', 'Balap liar', '2001-11-01', '0000-00-00', 3),
	(41, 'Audy Baudet', '1968-10-08', '91833 Morning Trail', 'F', 'Penipuan', '1993-07-04', '0000-00-00', 46),
	(42, 'Bessy Aitcheson', '1942-11-05', '57 Pearson Point', 'F', 'Pencopetan', '1993-12-28', '0000-00-00', 36),
	(43, 'Margret Staterfield', '1972-07-08', '835 Old Gate Road', 'F', 'Judi', '1997-12-09', '0000-00-00', 42),
	(44, 'Alayne Konneke', '1944-03-18', '264 Arapahoe Trail', 'M', 'Judi', '1997-06-01', '0000-00-00', 37),
	(45, 'Mohandas Labro', '2000-02-21', '35 Kings Park', 'F', 'Balap liar', '2009-02-02', '0000-00-00', 8),
	(46, 'Abigale Yeabsley', '1969-07-11', '02 Mandrake Place', 'M', 'Judi', '2002-09-03', '0000-00-00', 21),
	(47, 'Ruthy Plastow', '2005-05-31', '22989 Pearson Alley', 'F', 'Pencurian', '2021-01-23', '0000-00-00', 42),
	(48, 'Arlinda Guerner', '2001-03-01', '80077 Melvin Park', 'M', 'Penjualan minuman keras (miras) ilegal', '2011-04-02', '0000-00-00', 59),
	(49, 'Rogerio Lunny', '1977-05-21', '4715 Killdeer Street', 'F', 'Penyalahgunaan narkoba', '1996-11-19', '0000-00-00', 9),
	(50, 'Heywood Bloy', '1961-10-25', '51184 Towne Road', 'M', 'Penjualan minuman keras (miras) ilegal', '1993-04-03', '0000-00-00', 28),
	(51, 'Dacie Siemons', '1969-08-26', '6098 Sycamore Trail', 'F', 'Judi', '2005-02-24', '0000-00-00', 63),
	(52, 'Nicolle Matches', '1947-12-19', '43 Luster Way', 'M', 'Pelecehan seksual', '2002-08-12', '0000-00-00', 35),
	(53, 'Jasper Lukesch', '1966-06-15', '8 Linden Center', 'M', 'Vandalisme', '1986-01-16', '0000-00-00', 23),
	(54, 'Glenn McMakin', '2003-01-26', '5 Carey Circle', 'F', 'Balap liar', '2018-03-26', '0000-00-00', 22),
	(55, 'Glad Portugal', '1992-04-03', '8935 Thackeray Junction', 'M', 'Judi', '2009-01-04', '0000-00-00', 35),
	(56, 'Waldon Pecey', '1946-07-16', '17 Dexter Court', 'M', 'Kekerasan', '1974-03-20', '0000-00-00', 60),
	(57, 'Deck Zelland', '1964-12-09', '57582 Northview Park', 'M', 'Pencurian', '1991-12-26', '0000-00-00', 62),
	(58, 'Cherey McDougald', '1961-04-09', '074 Portage Trail', 'M', 'Pencopetan', '1994-07-29', '0000-00-00', 11),
	(59, 'Opal Charker', '1957-01-30', '6696 Washington Center', 'F', 'Balap liar', '1976-01-18', '0000-00-00', 38),
	(60, 'Stewart Howford', '2004-08-17', '028 Jackson Avenue', 'F', 'Judi', '2012-04-16', '0000-00-00', 70),
	(61, 'Guillermo Ottam', '1989-08-31', '05046 Park Meadow Drive', 'F', 'Penipuan', '2006-11-28', '0000-00-00', 47),
	(62, 'Elliot Scocroft', '1980-04-14', '11 Cascade Lane', 'F', 'Judi', '2000-07-05', '0000-00-00', 41),
	(63, 'Natala Gligoraci', '1942-10-14', '45 Basil Pass', 'M', 'Balap liar', '1968-02-21', '0000-00-00', 33),
	(64, 'Ulrich Alessandrini', '1975-12-06', '022 Hagan Court', 'F', 'Penjualan minuman keras (miras) ilegal', '1996-06-13', '0000-00-00', 5),
	(65, 'Gerry Puden', '1982-10-08', '78215 Iowa Avenue', 'F', 'Vandalisme', '2002-06-27', '0000-00-00', 48),
	(66, 'Valentin Baldree', '1954-06-29', '44942 Hansons Alley', 'M', 'Kekerasan', '1974-12-28', '0000-00-00', 28),
	(67, 'Michael Bahls', '1942-12-08', '52 Pond Pass', 'F', 'Pelecehan seksual', '1991-01-17', '0000-00-00', 38),
	(68, 'Cecil Attaway', '1945-10-01', '3 Fallview Drive', 'F', 'Penipuan', '1986-09-14', '0000-00-00', 60),
	(69, 'Bo Exley', '1971-04-21', '07371 Acker Junction', 'F', 'Penyalahgunaan narkoba', '2006-10-25', '0000-00-00', 8),
	(70, 'Clementius Crystal', '1982-04-15', '929 Claremont Crossing', 'M', 'Pencurian', '2002-05-24', '0000-00-00', 34),
	(71, 'Lauryn Kemitt', '1951-02-12', '4446 Nelson Point', 'M', 'Penyalahgunaan narkoba', '1984-09-22', '2019-03-20', 51),
	(72, 'Alika Feldharker', '1958-10-04', '4 Magdeline Junction', 'M', 'Penjualan minuman keras (miras) ilegal', '1985-07-26', '0000-00-00', 59),
	(73, 'Bendick Shimuk', '1961-10-15', '8657 Luster Plaza', 'M', 'Penyalahgunaan narkoba', '1988-05-03', '0000-00-00', 38),
	(74, 'Adriena McDunlevy', '1953-12-21', '46279 Anthes Way', 'F', 'Penipuan', '1993-04-25', '0000-00-00', 57),
	(75, 'Gilbertine Milward', '1960-06-17', '51 Hoepker Center', 'F', 'Penjualan minuman keras (miras) ilegal', '2002-10-23', '2012-10-06', 2),
	(76, 'Micaela Grogan', '1989-06-28', '1340 Moland Alley', 'F', 'Pencopetan', '2007-02-22', '0000-00-00', 51),
	(77, 'Harp Tivolier', '1961-12-12', '79713 Katie Terrace', 'F', 'Kekerasan', '2003-06-28', '2005-06-24', 28),
	(78, 'Samara Ricard', '1946-04-12', '6 Mayfield Crossing', 'M', 'Pencopetan', '1980-09-23', '0000-00-00', 54),
	(79, 'Myca McAllen', '1979-06-15', '4 Manufacturers Trail', 'F', 'Vandalisme', '2005-07-24', '0000-00-00', 32),
	(80, 'Sheila Ambrois', '1971-02-18', '28873 Sunbrook Center', 'M', 'Penyalahgunaan narkoba', '1993-03-22', '2019-12-19', 10),
	(81, 'Chip Elloway', '1989-01-30', '1 Heath Parkway', 'F', 'Judi', '2006-04-10', '0000-00-00', 22),
	(82, 'Robinett Hadkins', '2001-02-23', '9 Ridgeway Crossing', 'F', 'Pelecehan seksual', '2011-09-09', '0000-00-00', 37),
	(83, 'Maren Kubach', '2004-01-22', '2 Boyd Hill', 'M', 'Penyalahgunaan narkoba', '2011-08-23', '0000-00-00', 34),
	(84, 'Briney Studeart', '1974-06-17', '1816 Towne Place', 'M', 'Penjualan minuman keras (miras) ilegal', '1999-11-07', '2009-04-23', 66),
	(85, 'Abel Humfrey', '1973-01-17', '0846 Homewood Point', 'F', 'Penjualan minuman keras (miras) ilegal', '2002-01-04', '0000-00-00', 9),
	(86, 'Elyn Shutle', '1962-03-05', '8 Clemons Trail', 'M', 'Penyalahgunaan narkoba', '1986-12-28', '0000-00-00', 1),
	(87, 'Danice Goodered', '2002-06-05', '97 Mayfield Street', 'F', 'Vandalisme', '2015-10-01', '0000-00-00', 69),
	(88, 'Jemima O\' Hanvey', '1969-02-10', '94191 Mosinee Hill', 'M', 'Pelecehan seksual', '2006-12-18', '0000-00-00', 15),
	(89, 'Bree Greensides', '1984-04-06', '337 Ronald Regan Road', 'F', 'Vandalisme', '2005-05-22', '2012-04-11', 5),
	(90, 'Shayne Brind', '1972-07-01', '8 Aberg Circle', 'F', 'Pelecehan seksual', '1994-02-02', '0000-00-00', 14),
	(91, 'Tristan Newrick', '1976-03-18', '66580 La Follette Circle', 'F', 'Penipuan', '1997-02-24', '0000-00-00', 54),
	(92, 'Coral Elcy', '1947-12-12', '9 Jackson Point', 'F', 'Penyalahgunaan narkoba', '1987-02-13', '2015-09-15', 2),
	(93, 'Moira Ravenshaw', '1974-11-02', '13528 Sachtjen Avenue', 'F', 'Penipuan', '1992-08-16', '0000-00-00', 70),
	(94, 'Corilla Casero', '1944-03-13', '9 Stoughton Crossing', 'M', 'Vandalisme', '1979-04-19', '1982-04-09', 23),
	(95, 'Katerina Maton', '1944-02-22', '5 Hanson Parkway', 'M', 'Judi', '2004-10-06', '0000-00-00', 20),
	(96, 'Jenica Flott', '1953-03-07', '3938 Loftsgordon Street', 'M', 'Penipuan', '1983-03-21', '0000-00-00', 9),
	(97, 'Estrellita Genders', '1971-05-11', '81588 Gerald Alley', 'M', 'Pencopetan', '1990-02-15', '0000-00-00', 55),
	(98, 'Britni Sudddard', '1983-04-12', '2 Dottie Junction', 'M', 'Judi', '2002-09-29', '0000-00-00', 11),
	(99, 'Keriann Geraldi', '1983-07-30', '979 Aberg Way', 'M', 'Penipuan', '2001-03-30', '0000-00-00', 31),
	(100, 'Dulce Quig', '1975-07-07', '9657 Truax Alley', 'F', 'Penjualan minuman keras (miras) ilegal', '2001-10-26', '0000-00-00', 32);

-- Dumping data for table fpmbd.pengunjung: ~40 rows (approximately)
INSERT INTO `pengunjung` (`IDPengunjung`, `Nama`, `Umur`, `Alamat`, `Notelp`, `hubungan`) VALUES
	(1, 'Adda Rourke', 90, '85 Amoth Lane', '+62832014021524', 'Pemuka agama'),
	(2, 'Arline Freiberg', 64, '05 Tennyson Court', '+62815027573358', 'rekan kerja'),
	(3, 'Algernon Spat', 48, '40765 Sundown Pass', '+62880001851826', 'rekan kerja'),
	(4, 'Nap Elizabeth', 37, '43 School Trail', '+62833440659908', 'relawan'),
	(5, 'Keven O\'Spillane', 80, '4 Merry Park', '+62840139609899', 'keluarga'),
	(6, 'Vidovic Regglar', 32, '812 Mosinee Point', '+62827189331458', 'keluarga'),
	(7, 'Perry Clewett', 58, '2534 Lien Court', '+62811257205081', 'keluarga'),
	(8, 'Virgilio Zorn', 48, '56449 Donald Road', '+62897371348023', 'rekan kerja'),
	(9, 'Winona Fidele', 87, '6704 Maywood Junction', '+62806500571139', 'keluarga'),
	(10, 'Nevins Eves', 36, '6446 Basil Alley', '+62862360788061', 'teman'),
	(11, 'Gerard Ferguson', 87, '7 Kingsford Street', '+62804727251520', 'keluarga'),
	(12, 'Lanae Acres', 47, '62 Lakewood Gardens Circle', '+62873920014623', 'keluarga'),
	(13, 'Suzie Leipold', 68, '1 Meadow Vale Point', '+62841357695500', 'relawan'),
	(14, 'Tessi Dawidsohn', 67, '06562 4th Crossing', '+62877529458160', 'Pemuka agama'),
	(15, 'Stirling Bonaire', 20, '60 Maywood Place', '+62826349369789', 'rekan kerja'),
	(16, 'Bette Stolze', 94, '1160 Warbler Circle', '+62872877849306', 'teman'),
	(17, 'Euell Pauler', 63, '5064 Fallview Alley', '+62859217759365', 'keluarga'),
	(18, 'Joana Chander', 46, '864 Boyd Avenue', '+62868090918474', 'keluarga'),
	(19, 'Nolan Ledbury', 50, '4 Hoepker Crossing', '+62893238415598', 'keluarga'),
	(20, 'Kerry Sante', 84, '5880 Portage Road', '+62881486574230', 'keluarga'),
	(21, 'Maureene Neagle', 62, '92 Banding Place', '+62828522550202', 'keluarga'),
	(22, 'Candide Bissex', 55, '58 Commercial Park', '+62899234593989', 'teman'),
	(23, 'Torry Aggott', 80, '340 Laurel Avenue', '+62859807176249', 'Pemuka agama'),
	(24, 'Elianora Eddins', 20, '1868 Dovetail Center', '+62871446558374', 'keluarga'),
	(25, 'Calida Thompstone', 29, '00839 Jackson Lane', '+62832958867214', 'rekan kerja'),
	(26, 'Arleyne Caras', 36, '33209 Moose Avenue', '+62887787773702', 'keluarga'),
	(27, 'Glennis Veazey', 59, '17179 Sugar Drive', '+62819192142806', 'rekan kerja'),
	(28, 'Beckie Albinson', 29, '044 Scott Junction', '+62876373086544', 'keluarga'),
	(29, 'Maia Lanphere', 75, '0 Valley Edge Road', '+62808790365891', 'keluarga'),
	(30, 'Shir Allberry', 57, '808 Garrison Place', '+62811729390605', 'Pemuka agama'),
	(31, 'Abbey Malam', 86, '784 Farmco Parkway', '+62832144046894', 'keluarga'),
	(32, 'Nancy Hollyard', 53, '3 Morrow Crossing', '+62894079008403', 'Pemuka agama'),
	(33, 'Louella Fernez', 98, '3769 John Wall Way', '+62875850459824', 'relawan'),
	(34, 'Bartholomeo O\'Crotty', 23, '521 Grayhawk Pass', '+62841664744915', 'keluarga'),
	(35, 'Elnora Kill', 83, '81050 Blackbird Trail', '+62836030068883', 'Pemuka agama'),
	(36, 'Rosaline Chess', 69, '2 Oxford Alley', '+62807602077575', 'teman'),
	(37, 'Cherin Gres', 32, '3683 Haas Street', '+62860931206974', 'rekan kerja'),
	(38, 'Elfrida Downage', 30, '1763 Caliangt Parkway', '+62811461836213', 'Pemuka agama'),
	(39, 'Wildon Souness', 83, '6009 Mallory Hill', '+62885356214117', 'Pemuka agama'),
	(40, 'Davey Birth', 48, '5 Meadow Vale Junction', '+62871443480586', 'keluarga');

-- Dumping data for table fpmbd.penjara: ~10 rows (approximately)
INSERT INTO `penjara` (`IDPenjara`, `NamaPenjara`, `Lokasi`, `KapasitasMaksimumNarapidana`, `JumlahNarapidanaSaatIni`) VALUES
	(1, 'MacRory Prison', 'Lawa-an', 133, 130),
	(2, 'Rook Prison', 'Miandrarivo', 150, 75),
	(3, 'Bonnyson Prison', 'Jinhua', 125, 52),
	(4, 'Duck Prison', 'Forino', 133, 92),
	(5, 'Daton Prison', 'Poroj', 147, 16),
	(6, 'Sloss Prison', 'Montemor-o-Velho', 127, 107),
	(7, 'Warmisham Prison', 'Kebonagung', 140, 39),
	(8, 'Rabl Prison', 'Wangqinzhuang', 120, 58),
	(9, 'Straniero Prison', 'Niedwiada', 120, 104),
	(10, 'Beetles Prison', 'Batagay-Alyta', 120, 117);

-- Dumping data for table fpmbd.petugaslapas: ~50 rows (approximately)
INSERT INTO `petugaslapas` (`IDPetugas`, `Nama`, `Jabatan`, `Gaji`, `NomorTelepon`) VALUES
	(1, 'Madelyn Hynes', 'Penjaga', 2976831.00, '+62856296853553'),
	(2, 'Bay Kepling', 'Penjaga', 5379399.00, '+62879625640641'),
	(3, 'Nathanael Duinkerk', 'Petugas Medis', 5127952.00, '+62804346648202'),
	(4, 'Cody Rickert', 'Petugas Administrasi', 1020908.00, '+62862438578048'),
	(5, 'Jackie Colleton', 'Penjaga', 4173134.00, '+62817262173681'),
	(6, 'Catarina Graalman', 'Penjaga', 3180702.00, '+62888058738144'),
	(7, 'Celesta Opy', 'Penjaga', 8916392.00, '+62871159798935'),
	(8, 'Harvey Burburough', 'Penjaga', 6911148.00, '+62824867504703'),
	(9, 'Josepha Slevin', 'Penjaga', 8401715.00, '+62893992790996'),
	(10, 'Antonietta Le Strange', 'Petugas Pemasyarakatan', 4812518.00, '+62816132992950'),
	(11, 'Koressa Hackforth', 'Petugas Administrasi', 4156053.00, '+62826211529090'),
	(12, 'Jaquelin Bracco', 'Petugas Medis', 1563069.00, '+62854997279431'),
	(13, 'Ailee Martschke', 'Penjaga', 5737820.00, '+62815675618649'),
	(14, 'Hernando Pellant', 'Penjaga', 8793479.00, '+62861384878474'),
	(15, 'Loydie Willatts', 'Penjaga', 7474950.00, '+62870203878418'),
	(16, 'Dalton Fraanchyonok', 'Petugas Medis', 4865697.00, '+62893883178158'),
	(17, 'Tammy Borwick', 'Petugas Medis', 8553076.00, '+62847700491888'),
	(18, 'Hewie Flatley', 'Penjaga', 2104200.00, '+62811552806490'),
	(19, 'Kaitlynn Bartaletti', 'Penjaga', 8949696.00, '+62874496513534'),
	(20, 'Will Keyte', 'Penjaga', 5963481.00, '+62878971506583'),
	(21, 'Allen Beveridge', 'Penjaga', 7490947.00, '+62896808213474'),
	(22, 'Audie Loughnan', 'Penjaga', 8617238.00, '+62806581250598'),
	(23, 'Dalenna Bakster', 'Petugas Pendidikan', 9053809.00, '+62854881949042'),
	(24, 'Tait Ely', 'Petugas Pendidikan', 1426280.00, '+62800593399963'),
	(25, 'Robers Cousans', 'Penjaga', 9024491.00, '+62882902722767'),
	(26, 'Reinaldos Daudray', 'Petugas Medis', 5679108.00, '+62853377186188'),
	(27, 'Maire Dorricott', 'Penjaga', 2030302.00, '+62853079993845'),
	(28, 'Anderea Haruard', 'Petugas Medis', 8735044.00, '+62806376183754'),
	(29, 'Wren Astill', 'Petugas Pendidikan', 3644598.00, '+62847599490000'),
	(30, 'Arly Overnell', 'Petugas Pemasyarakatan', 9112674.00, '+62875352650569'),
	(31, 'Magdalena Porter', 'Penjaga', 1259886.00, '+62893302523463'),
	(32, 'Kelcey Gaffer', 'Penjaga', 9402530.00, '+62822355763427'),
	(33, 'Harlen Franses', 'Petugas Medis', 2096755.00, '+62891053627833'),
	(34, 'Bald Haselhurst', 'Penjaga', 1582473.00, '+62866005334696'),
	(35, 'Amy Holyard', 'Petugas Pendidikan', 4551481.00, '+62867022501479'),
	(36, 'Christye Bowker', 'Penjaga', 6784234.00, '+62869366411356'),
	(37, 'Matthiew Semor', 'Penjaga', 6684113.00, '+62809006423066'),
	(38, 'Pam Holyard', 'Penjaga', 8520145.00, '+62877290038604'),
	(39, 'Nickie Mazzey', 'Petugas Pendidikan', 4685159.00, '+62898687354900'),
	(40, 'Daryl Jallin', 'Penjaga', 4306235.00, '+62839633128157'),
	(41, 'Fernanda Andrelli', 'Penjaga', 6293106.00, '+62835123146457'),
	(42, 'Lynne Van Giffen', 'Petugas Medis', 3125692.00, '+62827082324247'),
	(43, 'Carce Cranston', 'Penjaga', 3734351.00, '+62873952303067'),
	(44, 'Byron Colbertson', 'Penjaga', 6650767.00, '+62863766537714'),
	(45, 'Dominique Migheli', 'Petugas Administrasi', 4677008.00, '+62860887151970'),
	(46, 'Lion Brocket', 'Penjaga', 2945438.00, '+62860391031146'),
	(47, 'Charisse Scholey', 'Penjaga', 7013718.00, '+62829783188127'),
	(48, 'Dorine Michele', 'Petugas Medis', 4634334.00, '+62871986863078'),
	(49, 'Nicolis Botton', 'Penjaga', 8964379.00, '+62802660393605'),
	(50, 'Lexi Budcock', 'Petugas Pemasyarakatan', 4817953.00, '+62814830052717');

-- Dumping data for table fpmbd.programrehabilitasi: ~50 rows (approximately)
INSERT INTO `programrehabilitasi` (`IDProgram`, `NamaProgram`, `DeskripsiProgram`, `WaktuMulai`, `WaktuBerakhir`) VALUES
	(1, 'Pelatihan Keterampilan Dasar', 'Program ini membantu narapidana mempelajari keterampilan seperti pertukangan dan lain-lain', '2005-01-15 00:00:00', '2005-02-08 00:00:00'),
	(2, 'Kelas Kebugaran', 'Mengadakan Latihan fisik rutin untuk meningkatkan kesehatan fisik dan mengurangi stress', '2005-10-16 00:00:00', '2005-10-30 00:00:00'),
	(3, 'Workshop Seni Lukis', 'Dibuka untuk semua narapidana yang ingin mengembangkan kreativitas melalui lukisan', '2018-04-24 00:00:00', '2018-06-01 00:00:00'),
	(4, 'Terapi Kelompok', 'Terapi untuk mengatasi masalah emosional seperti amarah atau depresi dan meningkatkan komunikasi interpersonal', '2010-11-28 00:00:00', '2011-01-13 00:00:00'),
	(5, 'Terapi Relapse Prevention', 'Membantu narapidana yang pernah mengalami ketergantungan untuk menghindari relapse', '2020-08-10 00:00:00', '2020-09-24 00:00:00'),
	(6, 'Kelas Literasi Dasar', 'Meningkatkan kemampuan calistung bagi narapidana', '2016-06-03 00:00:00', '2016-06-26 00:00:00'),
	(7, 'Terapi Relapse Prevention', 'Membantu narapidana yang pernah mengalami ketergantungan untuk menghindari relapse', '2005-06-09 00:00:00', '2005-07-14 00:00:00'),
	(8, 'Kelas Musik', 'Melatih kemampuan musik untuk meningkatkan mood dan kesehatan mental', '2016-08-06 00:00:00', '2016-10-06 00:00:00'),
	(9, 'Kelas Kebugaran', 'Mengadakan Latihan fisik rutin untuk meningkatkan kesehatan fisik dan mengurangi stress', '2019-06-14 00:00:00', '2019-07-04 00:00:00'),
	(10, 'Terapi Kelompok', 'Terapi untuk mengatasi masalah emosional seperti amarah atau depresi dan meningkatkan komunikasi interpersonal', '2017-02-07 00:00:00', '2017-04-01 00:00:00'),
	(11, 'Kelas Musik', 'Melatih kemampuan musik untuk meningkatkan mood dan kesehatan mental', '2020-08-19 00:00:00', '2020-09-18 00:00:00'),
	(12, 'Terapi Relapse Prevention', 'Membantu narapidana yang pernah mengalami ketergantungan untuk menghindari relapse', '2017-08-20 00:00:00', '2017-09-18 00:00:00'),
	(13, 'Workshop Seni Lukis', 'Dibuka untuk semua narapidana yang ingin mengembangkan kreativitas melalui lukisan', '2023-11-13 00:00:00', '2023-12-09 00:00:00'),
	(14, 'Kelas Musik', 'Melatih kemampuan musik untuk meningkatkan mood dan kesehatan mental', '2014-03-14 00:00:00', '2014-04-16 00:00:00'),
	(15, 'Pelatihan Keterampilan Dasar', 'Program ini membantu narapidana mempelajari keterampilan seperti pertukangan dan lain-lain', '2013-07-15 00:00:00', '2013-08-18 00:00:00'),
	(16, 'Pembacaan dan diskusi Buku', 'Melalui buku narapidana didorong untuk memperkaya pengetahuan dan meningkatkan pemahaman literasi', '2019-02-14 00:00:00', '2019-02-28 00:00:00'),
	(17, 'Pelatihan Keterampilan Dasar', 'Program ini membantu narapidana mempelajari keterampilan seperti pertukangan dan lain-lain', '2009-11-15 00:00:00', '2009-11-28 00:00:00'),
	(18, 'Turnamen Olahraga', 'Meningkatkan kompetisi sehat dan sportivitas narapidana melalui turnamen olahraga', '2022-10-12 00:00:00', '2022-11-02 00:00:00'),
	(19, 'Terapi Kelompok', 'Terapi untuk mengatasi masalah emosional seperti amarah atau depresi dan meningkatkan komunikasi interpersonal', '2024-03-31 00:00:00', '2024-05-29 00:00:00'),
	(20, 'Workshop Seni Lukis', 'Dibuka untuk semua narapidana yang ingin mengembangkan kreativitas melalui lukisan', '2008-03-15 00:00:00', '2008-04-05 00:00:00'),
	(21, 'Pelatihan Keterampilan Dasar', 'Program ini membantu narapidana mempelajari keterampilan seperti pertukangan dan lain-lain', '2024-04-12 00:00:00', '2024-06-10 00:00:00'),
	(22, 'Turnamen Olahraga', 'Meningkatkan kompetisi sehat dan sportivitas narapidana melalui turnamen olahraga', '2017-03-25 00:00:00', '2017-05-10 00:00:00'),
	(23, 'Kelas Musik', 'Melatih kemampuan musik untuk meningkatkan mood dan kesehatan mental', '2010-07-20 00:00:00', '2010-08-04 00:00:00'),
	(24, 'Turnamen Olahraga', 'Meningkatkan kompetisi sehat dan sportivitas narapidana melalui turnamen olahraga', '2019-10-16 00:00:00', '2019-12-08 00:00:00'),
	(25, 'Kelas Musik', 'Melatih kemampuan musik untuk meningkatkan mood dan kesehatan mental', '2013-06-21 00:00:00', '2013-07-06 00:00:00'),
	(26, 'Pembacaan dan diskusi Buku', 'Melalui buku narapidana didorong untuk memperkaya pengetahuan dan meningkatkan pemahaman literasi', '2015-11-14 00:00:00', '2015-12-21 00:00:00'),
	(27, 'Turnamen Olahraga', 'Meningkatkan kompetisi sehat dan sportivitas narapidana melalui turnamen olahraga', '2016-12-02 00:00:00', '2017-01-11 00:00:00'),
	(28, 'Kelas Kebugaran', 'Mengadakan Latihan fisik rutin untuk meningkatkan kesehatan fisik dan mengurangi stress', '2005-04-23 00:00:00', '2005-06-10 00:00:00'),
	(29, 'Kelas Literasi Dasar', 'Meningkatkan kemampuan calistung bagi narapidana', '2019-07-15 00:00:00', '2019-08-29 00:00:00'),
	(30, 'Kelas Kebugaran', 'Mengadakan Latihan fisik rutin untuk meningkatkan kesehatan fisik dan mengurangi stress', '2014-09-12 00:00:00', '2014-11-14 00:00:00'),
	(31, 'Pembacaan dan diskusi Buku', 'Melalui buku narapidana didorong untuk memperkaya pengetahuan dan meningkatkan pemahaman literasi', '2020-03-05 00:00:00', '2020-04-08 00:00:00'),
	(32, 'Kelas Literasi Dasar', 'Meningkatkan kemampuan calistung bagi narapidana', '2022-08-28 00:00:00', '2022-10-02 00:00:00'),
	(33, 'Turnamen Olahraga', 'Meningkatkan kompetisi sehat dan sportivitas narapidana melalui turnamen olahraga', '2018-10-22 00:00:00', '2018-12-18 00:00:00'),
	(34, 'Terapi Relapse Prevention', 'Membantu narapidana yang pernah mengalami ketergantungan untuk menghindari relapse', '2016-05-21 00:00:00', '2016-06-19 00:00:00'),
	(35, 'Workshop Seni Lukis', 'Dibuka untuk semua narapidana yang ingin mengembangkan kreativitas melalui lukisan', '2005-12-01 00:00:00', '2005-12-26 00:00:00'),
	(36, 'Kelas Literasi Dasar', 'Meningkatkan kemampuan calistung bagi narapidana', '2009-02-13 00:00:00', '2009-03-18 00:00:00'),
	(37, 'Terapi Kelompok', 'Terapi untuk mengatasi masalah emosional seperti amarah atau depresi dan meningkatkan komunikasi interpersonal', '2009-04-13 00:00:00', '2009-05-29 00:00:00'),
	(38, 'Pelatihan Kerajinan Tangan', 'Membimbing narapidana untuk membuat produk kerajinan seperti tas dan aksesoris kecil', '2012-03-06 00:00:00', '2012-03-31 00:00:00'),
	(39, 'Pelatihan Kerajinan Tangan', 'Membimbing narapidana untuk membuat produk kerajinan seperti tas dan aksesoris kecil', '2010-11-24 00:00:00', '2010-12-15 00:00:00'),
	(40, 'Pelatihan Kerajinan Tangan', 'Membimbing narapidana untuk membuat produk kerajinan seperti tas dan aksesoris kecil', '2020-06-27 00:00:00', '2020-07-22 00:00:00'),
	(41, 'Kelas Literasi Dasar', 'Meningkatkan kemampuan calistung bagi narapidana', '2010-07-03 00:00:00', '2010-07-26 00:00:00'),
	(42, 'Terapi Kelompok', 'Terapi untuk mengatasi masalah emosional seperti amarah atau depresi dan meningkatkan komunikasi interpersonal', '2018-01-25 00:00:00', '2018-03-15 00:00:00'),
	(43, 'Pembacaan dan diskusi Buku', 'Melalui buku narapidana didorong untuk memperkaya pengetahuan dan meningkatkan pemahaman literasi', '2023-05-25 00:00:00', '2023-07-13 00:00:00'),
	(44, 'Turnamen Olahraga', 'Meningkatkan kompetisi sehat dan sportivitas narapidana melalui turnamen olahraga', '2023-02-25 00:00:00', '2023-04-13 00:00:00'),
	(45, 'Kelas Musik', 'Melatih kemampuan musik untuk meningkatkan mood dan kesehatan mental', '2004-10-27 00:00:00', '2004-11-19 00:00:00'),
	(46, 'Pelatihan Kerajinan Tangan', 'Membimbing narapidana untuk membuat produk kerajinan seperti tas dan aksesoris kecil', '2019-12-28 00:00:00', '2020-01-18 00:00:00'),
	(47, 'Kelas Kebugaran', 'Mengadakan Latihan fisik rutin untuk meningkatkan kesehatan fisik dan mengurangi stress', '2010-06-21 00:00:00', '2010-08-09 00:00:00'),
	(48, 'Pembacaan dan diskusi Buku', 'Melalui buku narapidana didorong untuk memperkaya pengetahuan dan meningkatkan pemahaman literasi', '2005-06-28 00:00:00', '2005-08-13 00:00:00'),
	(49, 'Kelas Literasi Dasar', 'Meningkatkan kemampuan calistung bagi narapidana', '2008-03-15 00:00:00', '2008-04-13 00:00:00'),
	(50, 'Terapi Relapse Prevention', 'Membantu narapidana yang pernah mengalami ketergantungan untuk menghindari relapse', '2023-06-15 00:00:00', '2023-07-11 00:00:00');

-- Dumping data for table fpmbd.riwayatdisiplin: ~375 rows (approximately)
INSERT INTO `riwayatdisiplin` (`IDRiwayat`, `TanggalKejadian`, `DeskripsiPelanggaran`, `Tindakan`, `Narapidana_IDNarapidana`) VALUES
	(1, '1987-11-10 21:09:42', 'Narapidana menggunakan program kunjungan untuk berkomunikasi dengan orang di luar penjara untuk melakukan aktivitas ilegal', 'Petugas mencatat pelanggaran tersebut dan memperingatkan narapidana tentang konsekuensi yang mungkin terjadi jika pelanggaran terulang', 96),
	(2, '1980-10-23 15:20:48', 'Narapidana berkelahi dengan narapidana lain atau menyerang petugas', 'Narapidana tidak diizinkan menerima kunjungan dari keluarga dan teman untuk jangka waktu tertentu', 94),
	(3, '1971-01-29 20:09:07', 'Narapidana mencoba merusak atau menonaktifkan infrastruktur penjara', 'Narapidana tidak diizinkan menerima kunjungan dari keluarga dan teman untuk jangka waktu tertentu', 5),
	(4, '2009-04-13 18:27:05', 'Narapidana menggunakan program kunjungan untuk berkomunikasi dengan orang di luar penjara untuk melakukan aktivitas ilegal', 'Narapidana kehilangan akses ke program atau layanan tertentu', 45),
	(5, '2008-06-08 09:49:48', 'Narapidana mencuri dari narapidana lain atau dari penjara', 'Petugas memberi peringatan lisan kepada narapidana atas pelanggaran yang dilakukan', 75),
	(6, '2003-04-28 11:34:55', 'Narapidana mencoba merusak atau menonaktifkan infrastruktur penjara', 'Narapidana kehilangan akses ke program atau layanan tertentu', 1),
	(7, '1997-04-15 23:43:43', 'Narapidana didapati memiliki barang yang dilarang di dalam penjara', 'Narapidana diberi pekerjaan tambahan di luar tugas rutin mereka (seperti membersihkan area umum atau bekerja di dapur)', 91),
	(8, '1989-07-15 03:06:06', 'Narapidana menggunakan program kunjungan untuk berkomunikasi dengan orang di luar penjara untuk melakukan aktivitas ilegal', 'Narapidana dipindahkan ke penjara dengan tingkat keamanan yang lebih tinggi', 92),
	(9, '2003-12-22 11:19:34', 'Narapidana menyeludupkan barang terlarang', 'Narapidana dikurung di sel khusus sebagai hukuman', 65),
	(10, '1991-04-11 18:17:16', 'Narapidana menggunakan atau memiliki narkoba di dalam penjara', 'Narapidana mengalami penundaan dalam pembebasan bersyarat', 72),
	(11, '2011-12-28 14:17:05', 'Narapidana menyeludupkan barang terlarang', 'Narapidana dipindahkan ke penjara dengan tingkat keamanan yang lebih tinggi', 76),
	(12, '2013-05-10 08:23:27', 'Narapidana menggunakan bahasa tubuh atau isyarat yang dianggap mengancam atau tidak pantas', 'Petugas mencatat pelanggaran tersebut dan memperingatkan narapidana tentang konsekuensi yang mungkin terjadi jika pelanggaran terulang', 3),
	(13, '1986-10-24 20:17:29', 'Narapidana menyerang atau melukai petugas atau narapidana lain', 'Narapidana diharuskan untuk berpartisipasi dalam pekerjaan rehabilitatif', 31),
	(14, '1996-08-30 09:36:08', 'Narapidana menyerang atau melukai petugas atau narapidana lain', 'Narapidana dikurung di sel khusus sebagai hukuman', 74),
	(15, '2011-12-27 23:20:42', 'Narapidana mencuri dari narapidana lain atau dari penjara', 'Petugas memperingatkan narapidana tentang pelanggaran yang dilakukan', 8),
	(16, '2002-07-12 18:07:05', 'Narapidana berteriak dan melakukan tindakan yang mengganggu ketertiban umum', 'Narapidana dipindahkan ke penjara dengan tingkat keamanan yang lebih tinggi', 22),
	(17, '2008-03-06 10:49:46', 'Narapidana menolak bekerja atau melakukan pekerjaan dengan tidak benar', 'Narapidana dipindahkan ke penjara dengan tingkat keamanan yang lebih tinggi', 70),
	(18, '2008-02-12 12:54:25', 'Narapidana menggunakan atau memiliki narkoba di dalam penjara', 'Petugas memberikan peringatan lisan kepada narapidana mengenai pelanggaran yang dilakukan', 51),
	(19, '2013-08-21 08:22:09', 'Narapidana meniru petugas penjara dengan mengenakan seragam atau menggunakan nama mereka', 'Narapidana diberi pekerjaan tambahan di luar tugas rutin mereka (seperti membersihkan area umum atau bekerja di dapur)', 28),
	(20, '1995-11-12 08:35:21', 'Narapidana didapati memiliki barang yang dilarang di dalam penjara', 'Petugas mencatat pelanggaran tersebut dan memperingatkan narapidana tentang konsekuensi yang mungkin terjadi jika pelanggaran terulang', 80),
	(21, '1982-04-30 02:28:03', 'Narapidana melarikan diri dari penjara atau mencoba melarikan diri', 'Narapidana tidak diizinkan menerima kunjungan dari keluarga dan teman untuk jangka waktu tertentu', 59),
	(22, '1999-05-29 15:13:25', 'Narapidana menggunakan atau memiliki narkoba di dalam penjara', 'Petugas memperingatkan narapidana tentang pelanggaran yang dilakukan', 90),
	(23, '1989-08-17 22:51:23', 'Narapidana menolak untuk mengikuti instruksi petugas dan bersikap tidak hormat', 'Narapidana diharuskan untuk berpartisipasi dalam pekerjaan rehabilitatif', 32),
	(24, '1996-01-27 12:56:15', 'Narapidana membentuk kelompok atau perkumpulan yang dilarang di penjara', 'Narapidana diberi pekerjaan tambahan di luar tugas rutin mereka (seperti membersihkan area umum atau bekerja di dapur)', 90),
	(25, '2004-06-15 08:32:14', 'Narapidana mencoba merusak atau menonaktifkan infrastruktur penjara', 'Narapidana diberi pekerjaan tambahan di luar tugas rutin mereka (seperti membersihkan area umum atau bekerja di dapur)', 85),
	(26, '2009-07-29 18:19:48', 'Narapidana menggunakan bahasa tubuh atau isyarat yang dianggap mengancam atau tidak pantas', 'Narapidana diharuskan untuk berpartisipasi dalam pekerjaan rehabilitatif', 55),
	(27, '2008-09-03 02:26:04', 'Narapidana didapati memiliki barang yang dilarang di dalam penjara', 'Narapidana kehilangan akses ke program atau layanan tertentu', 3),
	(28, '2011-02-24 12:19:30', 'Narapidana terlibat dalam kegiatan perjudian tanpa izin', 'Narapidana diharuskan untuk berpartisipasi dalam pekerjaan rehabilitatif', 79),
	(29, '1990-05-28 02:03:02', 'Narapidana menolak untuk mengikuti instruksi petugas dan bersikap tidak hormat', 'Narapidana diharuskan untuk berpartisipasi dalam pekerjaan rehabilitatif', 7),
	(30, '2006-06-02 07:02:11', 'Narapidana melarikan diri dari penjara atau mencoba melarikan diri', 'Petugas memperingatkan narapidana tentang pelanggaran yang dilakukan', 95),
	(31, '2005-10-08 07:15:06', 'Narapidana menyerang atau melukai petugas atau narapidana lain', 'Petugas memberi peringatan lisan kepada narapidana atas pelanggaran yang dilakukan', 52),
	(32, '2016-11-20 17:56:32', 'Narapidana terlibat dalam kegiatan perjudian tanpa izin', 'Narapidana dikurung di sel khusus sebagai hukuman', 28),
	(33, '1995-03-01 03:37:57', 'Narapidana meniru petugas penjara dengan mengenakan seragam atau menggunakan nama mereka', 'Petugas mengingatkan narapidana tentang konsekuensi dari perilaku mereka', 41),
	(34, '2003-07-20 19:20:48', 'Narapidana meniru petugas penjara dengan mengenakan seragam atau menggunakan nama mereka', 'Narapidana dipindahkan ke penjara dengan tingkat keamanan yang lebih tinggi', 75),
	(35, '1992-03-28 19:36:13', 'Narapidana mencuri dari narapidana lain atau dari penjara', 'Petugas memberikan peringatan lisan kepada narapidana mengenai pelanggaran yang dilakukan', 73),
	(36, '2005-02-21 17:48:40', 'Narapidana membuat senjata tajam dari barang-barang yang tersedia di dalam penjara', 'Narapidana diharuskan untuk berpartisipasi dalam pekerjaan rehabilitatif', 100),
	(37, '2008-04-10 01:17:20', 'Narapidana meniru petugas penjara dengan mengenakan seragam atau menggunakan nama mereka', 'Petugas mencatat pelanggaran tersebut dan memperingatkan narapidana tentang konsekuensi yang mungkin terjadi jika pelanggaran terulang', 37),
	(38, '2000-03-17 21:25:15', 'Narapidana menggunakan atau memiliki narkoba di dalam penjara', 'Narapidana dipindahkan ke penjara dengan tingkat keamanan yang lebih tinggi', 64),
	(39, '2008-04-05 14:06:48', 'Narapidana menyerang atau melukai petugas atau narapidana lain', 'Narapidana diberi pekerjaan tambahan di luar tugas rutin mereka (seperti membersihkan area umum atau bekerja di dapur)', 23),
	(40, '2002-09-17 03:55:45', 'Narapidana menolak untuk mengikuti instruksi petugas dan bersikap tidak hormat', 'Narapidana mengalami penundaan dalam pembebasan bersyarat', 65),
	(41, '2016-08-01 00:21:46', 'Narapidana mengganggu atau mengintimidasi narapidana lain untuk mendapatkan keuntungan atau kekuasaan', 'Narapidana diharuskan untuk berpartisipasi dalam pekerjaan rehabilitatif', 48),
	(42, '2003-02-19 04:47:52', 'Narapidana melarikan diri dari penjara atau mencoba melarikan diri', 'Narapidana diharuskan untuk berpartisipasi dalam pekerjaan rehabilitatif', 99),
	(43, '1994-07-01 21:21:46', 'Narapidana menyerang atau melukai petugas atau narapidana lain', 'Petugas memberi peringatan lisan kepada narapidana atas pelanggaran yang dilakukan', 74),
	(44, '2024-02-02 02:36:48', 'Narapidana membentuk kelompok atau perkumpulan yang dilarang di penjara', 'Petugas memberikan peringatan lisan kepada narapidana mengenai pelanggaran yang dilakukan', 54),
	(45, '1991-10-23 16:50:06', 'Narapidana berkelahi dengan narapidana lain atau menyerang petugas', 'Petugas memberi peringatan lisan kepada narapidana atas pelanggaran yang dilakukan', 73),
	(46, '2008-06-05 11:01:19', 'Narapidana membentuk kelompok atau perkumpulan yang dilarang di penjara', 'Narapidana dikurung di sel khusus sebagai hukuman', 81),
	(47, '2016-11-07 05:14:20', 'Narapidana menolak bekerja atau melakukan pekerjaan dengan tidak benar', 'Petugas memperingatkan narapidana tentang pelanggaran yang dilakukan', 16),
	(48, '1995-06-04 19:15:42', 'Narapidana berteriak dan melakukan tindakan yang mengganggu ketertiban umum', 'Narapidana diberi pekerjaan tambahan di luar tugas rutin mereka (seperti membersihkan area umum atau bekerja di dapur)', 80),
	(49, '2012-01-02 02:07:26', 'Narapidana mencoba merusak atau menonaktifkan infrastruktur penjara', 'Narapidana kehilangan hak istimewa tertentu (seperti akses ke ruang rekreasi atau kunjungan)', 45),
	(50, '1990-05-13 17:34:06', 'Narapidana berteriak dan melakukan tindakan yang mengganggu ketertiban umum', 'Narapidana dikurung di sel khusus sebagai hukuman', 92),
	(51, '2001-07-17 02:30:52', 'Narapidana menggunakan bahasa tubuh atau isyarat yang dianggap mengancam atau tidak pantas', 'Narapidana kehilangan hak istimewa tertentu (seperti akses ke ruang rekreasi atau kunjungan)', 84),
	(52, '2010-05-02 05:07:53', 'Narapidana menggunakan program kunjungan untuk berkomunikasi dengan orang di luar penjara untuk melakukan aktivitas ilegal', 'Petugas memperingatkan narapidana tentang pelanggaran yang dilakukan', 9),
	(53, '1992-02-28 15:18:33', 'Narapidana menggunakan program kunjungan untuk berkomunikasi dengan orang di luar penjara untuk melakukan aktivitas ilegal', 'Petugas mencatat pelanggaran tersebut dalam catatan resmi', 7),
	(54, '2021-11-05 11:06:07', 'Narapidana mengganggu atau mengintimidasi narapidana lain untuk mendapatkan keuntungan atau kekuasaan', 'Petugas memberikan peringatan lisan kepada narapidana mengenai pelanggaran yang dilakukan', 33),
	(55, '2013-12-16 12:52:29', 'Narapidana menggunakan atau memiliki narkoba di dalam penjara', 'Narapidana kehilangan akses ke program atau layanan tertentu', 4),
	(56, '2015-12-22 23:15:00', 'Narapidana membentuk kelompok atau perkumpulan yang dilarang di penjara', 'Narapidana kehilangan hak istimewa tertentu (seperti akses ke ruang rekreasi atau kunjungan)', 87),
	(57, '2013-06-08 13:53:40', 'Narapidana didapati memiliki barang yang dilarang di dalam penjara', 'Narapidana dipindahkan ke penjara dengan tingkat keamanan yang lebih tinggi', 55),
	(58, '1997-06-28 21:10:45', 'Narapidana menggunakan bahasa tubuh atau isyarat yang dianggap mengancam atau tidak pantas', 'Narapidana kehilangan hak istimewa tertentu (seperti akses ke ruang rekreasi atau kunjungan)', 30),
	(59, '2006-03-12 21:50:19', 'Narapidana menggunakan bahasa tubuh atau isyarat yang dianggap mengancam atau tidak pantas', 'Narapidana diharuskan untuk berpartisipasi dalam pekerjaan rehabilitatif', 98),
	(60, '2003-07-27 22:39:34', 'Narapidana menyeludupkan barang terlarang', 'Petugas memberikan peringatan lisan kepada narapidana mengenai pelanggaran yang dilakukan', 52),
	(61, '2000-01-26 17:08:31', 'Narapidana didapati memiliki barang yang dilarang di dalam penjara', 'Narapidana diharuskan untuk berpartisipasi dalam pekerjaan rehabilitatif', 90),
	(62, '1996-11-14 22:25:39', 'Narapidana mencuri dari narapidana lain atau dari penjara', 'Petugas mengingatkan narapidana tentang konsekuensi dari perilaku mereka', 42),
	(63, '1996-09-06 16:50:42', 'Narapidana menggunakan atau memiliki narkoba di dalam penjara', 'Narapidana diberi pekerjaan tambahan di luar tugas rutin mereka (seperti membersihkan area umum atau bekerja di dapur)', 38),
	(64, '2011-08-07 05:02:45', 'Narapidana menolak bekerja atau melakukan pekerjaan dengan tidak benar', 'Narapidana diharuskan untuk mengikuti pelatihan tambahan', 8),
	(65, '2013-09-09 12:43:10', 'Narapidana menggunakan bahasa tubuh atau isyarat yang dianggap mengancam atau tidak pantas', 'Narapidana diberi pekerjaan tambahan di luar tugas rutin mereka (seperti membersihkan area umum atau bekerja di dapur)', 48),
	(66, '2013-10-11 08:10:05', 'Narapidana berteriak dan melakukan tindakan yang mengganggu ketertiban umum', 'Petugas memperingatkan narapidana tentang pelanggaran yang dilakukan', 28),
	(67, '2001-09-09 17:03:47', 'Narapidana mengganggu atau mengintimidasi narapidana lain untuk mendapatkan keuntungan atau kekuasaan', 'Petugas mencatat pelanggaran tersebut dan memperingatkan narapidana tentang konsekuensi yang mungkin terjadi jika pelanggaran terulang', 49),
	(68, '1993-05-29 14:13:29', 'Narapidana menyerang atau melukai petugas atau narapidana lain', 'Petugas memperingatkan narapidana tentang pelanggaran yang dilakukan', 93),
	(69, '2011-10-22 11:11:13', 'Narapidana mencuri dari narapidana lain atau dari penjara', 'Petugas mencatat pelanggaran tersebut dalam catatan resmi', 37),
	(70, '1988-07-02 10:06:25', 'Narapidana mencuri dari narapidana lain atau dari penjara', 'Narapidana diharuskan untuk berpartisipasi dalam pekerjaan rehabilitatif', 86),
	(71, '1998-08-21 05:58:01', 'Narapidana didapati memiliki barang yang dilarang di dalam penjara', 'Narapidana diharuskan untuk mengikuti pelatihan tambahan', 80),
	(72, '2015-01-14 11:52:20', 'Narapidana menolak bekerja atau melakukan pekerjaan dengan tidak benar', 'Narapidana kehilangan akses ke program atau layanan tertentu', 16),
	(73, '1998-03-05 13:55:22', 'Narapidana menggunakan bahasa tubuh atau isyarat yang dianggap mengancam atau tidak pantas', 'Narapidana kehilangan akses ke program atau layanan tertentu', 64),
	(74, '1986-09-13 08:40:45', 'Narapidana menolak untuk mengikuti instruksi petugas dan bersikap tidak hormat', 'Narapidana diharuskan untuk berpartisipasi dalam pekerjaan rehabilitatif', 18),
	(75, '1980-02-15 09:55:27', 'Narapidana meniru petugas penjara dengan mengenakan seragam atau menggunakan nama mereka', 'Petugas mengingatkan narapidana tentang konsekuensi dari perilaku mereka', 17),
	(76, '2003-02-11 20:42:21', 'Narapidana menolak bekerja atau melakukan pekerjaan dengan tidak benar', 'Petugas mengingatkan narapidana tentang konsekuensi dari perilaku mereka', 2),
	(77, '2000-02-16 04:32:49', 'Narapidana berkelahi dengan narapidana lain atau menyerang petugas', 'Narapidana diharuskan untuk berpartisipasi dalam pekerjaan rehabilitatif', 43),
	(78, '2013-09-14 02:22:47', 'Narapidana berkelahi dengan narapidana lain atau menyerang petugas', 'Narapidana dikurung di sel khusus sebagai hukuman', 3),
	(79, '1994-03-10 18:44:23', 'Narapidana mencuri dari narapidana lain atau dari penjara', 'Petugas memperingatkan narapidana tentang pelanggaran yang dilakukan', 74),
	(80, '2010-04-10 09:58:20', 'Narapidana menyerang atau melukai petugas atau narapidana lain', 'Petugas memperingatkan narapidana tentang pelanggaran yang dilakukan', 6),
	(81, '2007-01-23 09:45:06', 'Narapidana berteriak dan melakukan tindakan yang mengganggu ketertiban umum', 'Narapidana kehilangan hak istimewa tertentu (seperti akses ke ruang rekreasi atau kunjungan)', 85),
	(82, '1969-09-11 00:41:51', 'Narapidana menolak bekerja atau melakukan pekerjaan dengan tidak benar', 'Narapidana diharuskan untuk mengikuti pelatihan tambahan', 63),
	(83, '2004-12-18 14:16:10', 'Narapidana didapati memiliki barang yang dilarang di dalam penjara', 'Narapidana kehilangan akses ke program atau layanan tertentu', 62),
	(84, '1993-02-07 18:48:59', 'Narapidana menggunakan bahasa tubuh atau isyarat yang dianggap mengancam atau tidak pantas', 'Narapidana dipindahkan ke penjara dengan tingkat keamanan yang lebih tinggi', 73),
	(85, '2010-05-19 11:58:28', 'Narapidana menyerang atau melukai petugas atau narapidana lain', 'Petugas memberi peringatan lisan kepada narapidana atas pelanggaran yang dilakukan', 51),
	(86, '2024-07-24 19:32:29', 'Narapidana menyeludupkan barang terlarang', 'Petugas memberi peringatan lisan kepada narapidana atas pelanggaran yang dilakukan', 47),
	(87, '2010-01-05 12:30:58', 'Narapidana menyerang atau melukai petugas atau narapidana lain', 'Petugas memberikan peringatan lisan kepada narapidana mengenai pelanggaran yang dilakukan', 81),
	(88, '2012-06-28 16:04:18', 'Narapidana mencoba merusak atau menonaktifkan infrastruktur penjara', 'Narapidana kehilangan hak istimewa tertentu (seperti akses ke ruang rekreasi atau kunjungan)', 37),
	(89, '2006-10-20 03:10:42', 'Narapidana membentuk kelompok atau perkumpulan yang dilarang di penjara', 'Narapidana tidak diizinkan menerima kunjungan dari keluarga dan teman untuk jangka waktu tertentu', 62),
	(90, '2014-11-23 19:58:33', 'Narapidana berkelahi dengan narapidana lain atau menyerang petugas', 'Narapidana kehilangan akses ke program atau layanan tertentu', 83),
	(91, '2004-09-19 04:00:48', 'Narapidana mencoba merusak atau menonaktifkan infrastruktur penjara', 'Petugas mencatat pelanggaran tersebut dalam catatan resmi', 98),
	(92, '1994-08-14 20:42:52', 'Narapidana melarikan diri dari penjara atau mencoba melarikan diri', 'Petugas mencatat pelanggaran tersebut dan memperingatkan narapidana tentang konsekuensi yang mungkin terjadi jika pelanggaran terulang', 93),
	(93, '2003-06-05 18:15:00', 'Narapidana menyerang atau melukai petugas atau narapidana lain', 'Narapidana diharuskan untuk berpartisipasi dalam pekerjaan rehabilitatif', 84),
	(94, '1987-10-07 20:22:39', 'Narapidana meniru petugas penjara dengan mengenakan seragam atau menggunakan nama mereka', 'Narapidana kehilangan hak istimewa tertentu (seperti akses ke ruang rekreasi atau kunjungan)', 7),
	(95, '1997-07-02 04:38:00', 'Narapidana menolak bekerja atau melakukan pekerjaan dengan tidak benar', 'Narapidana mengalami penundaan dalam pembebasan bersyarat', 42),
	(96, '1999-06-27 02:29:01', 'Narapidana melarikan diri dari penjara atau mencoba melarikan diri', 'Narapidana dipindahkan ke penjara dengan tingkat keamanan yang lebih tinggi', 44),
	(97, '2005-03-25 19:26:51', 'Narapidana membuat senjata tajam dari barang-barang yang tersedia di dalam penjara', 'Narapidana diberi pekerjaan tambahan di luar tugas rutin mereka (seperti membersihkan area umum atau bekerja di dapur)', 85),
	(98, '2017-08-10 11:26:35', 'Narapidana didapati memiliki barang yang dilarang di dalam penjara', 'Narapidana diberi pekerjaan tambahan di luar tugas rutin mereka (seperti membersihkan area umum atau bekerja di dapur)', 60),
	(99, '2007-04-02 20:55:43', 'Narapidana membuat senjata tajam dari barang-barang yang tersedia di dalam penjara', 'Narapidana mengalami penundaan dalam pembebasan bersyarat', 65),
	(100, '1994-02-09 09:20:41', 'Narapidana memasuki area penjara yang dibatasi', 'Petugas mencatat pelanggaran tersebut dan memperingatkan narapidana tentang konsekuensi yang mungkin terjadi jika pelanggaran terulang', 50),
	(101, '2009-04-26 10:32:09', 'Narapidana mencoba merusak atau menonaktifkan infrastruktur penjara', 'Narapidana diharuskan untuk mengikuti pelatihan tambahan', 89),
	(102, '2008-05-19 10:54:34', 'Narapidana terlibat dalam kegiatan perjudian tanpa izin', 'Narapidana kehilangan akses ke program atau layanan tertentu', 27),
	(103, '2007-05-30 21:44:42', 'Narapidana membentuk kelompok atau perkumpulan yang dilarang di penjara', 'Petugas mencatat pelanggaran tersebut dalam catatan resmi', 6),
	(104, '1997-11-24 04:00:47', 'Narapidana menyerang atau melukai petugas atau narapidana lain', 'Narapidana tidak diizinkan menerima kunjungan dari keluarga dan teman untuk jangka waktu tertentu', 74),
	(105, '2007-08-04 07:11:27', 'Narapidana mengganggu atau mengintimidasi narapidana lain untuk mendapatkan keuntungan atau kekuasaan', 'Narapidana mengalami penundaan dalam pembebasan bersyarat', 76),
	(106, '2012-03-30 05:52:34', 'Narapidana didapati memiliki barang yang dilarang di dalam penjara', 'Petugas memperingatkan narapidana tentang pelanggaran yang dilakukan', 81),
	(107, '2019-05-11 05:30:10', 'Narapidana menolak untuk mengikuti instruksi petugas dan bersikap tidak hormat', 'Petugas mencatat pelanggaran tersebut dan memperingatkan narapidana tentang konsekuensi yang mungkin terjadi jika pelanggaran terulang', 33),
	(108, '2002-04-27 22:24:28', 'Narapidana terlibat dalam kegiatan perjudian tanpa izin', 'Narapidana tidak diizinkan menerima kunjungan dari keluarga dan teman untuk jangka waktu tertentu', 11),
	(109, '2017-11-09 16:31:15', 'Narapidana menyeludupkan barang terlarang', 'Petugas memberikan peringatan lisan kepada narapidana mengenai pelanggaran yang dilakukan', 83),
	(110, '1988-01-29 08:56:13', 'Narapidana membentuk kelompok atau perkumpulan yang dilarang di penjara', 'Narapidana kehilangan hak istimewa tertentu (seperti akses ke ruang rekreasi atau kunjungan)', 72),
	(111, '2007-07-06 07:43:33', 'Narapidana menyeludupkan barang terlarang', 'Narapidana kehilangan hak istimewa tertentu (seperti akses ke ruang rekreasi atau kunjungan)', 75),
	(112, '1997-08-07 08:03:37', 'Narapidana membuat senjata tajam dari barang-barang yang tersedia di dalam penjara', 'Petugas memberikan peringatan lisan kepada narapidana mengenai pelanggaran yang dilakukan', 49),
	(113, '2010-06-28 04:51:02', 'Narapidana didapati memiliki barang yang dilarang di dalam penjara', 'Petugas memberikan peringatan lisan kepada narapidana mengenai pelanggaran yang dilakukan', 95),
	(114, '2013-07-15 14:08:49', 'Narapidana menolak bekerja atau melakukan pekerjaan dengan tidak benar', 'Narapidana tidak diizinkan menerima kunjungan dari keluarga dan teman untuk jangka waktu tertentu', 19),
	(115, '1995-09-30 12:53:04', 'Narapidana membentuk kelompok atau perkumpulan yang dilarang di penjara', 'Petugas mencatat pelanggaran tersebut dalam catatan resmi', 57),
	(116, '1969-06-08 15:03:46', 'Narapidana melarikan diri dari penjara atau mencoba melarikan diri', 'Narapidana kehilangan hak istimewa tertentu (seperti akses ke ruang rekreasi atau kunjungan)', 5),
	(117, '1989-07-08 19:01:24', 'Narapidana menolak bekerja atau melakukan pekerjaan dengan tidak benar', 'Narapidana diharuskan untuk berpartisipasi dalam pekerjaan rehabilitatif', 96),
	(118, '2026-01-22 05:02:35', 'Narapidana mengganggu atau mengintimidasi narapidana lain untuk mendapatkan keuntungan atau kekuasaan', 'Petugas memberikan peringatan lisan kepada narapidana mengenai pelanggaran yang dilakukan', 47),
	(119, '2001-11-25 20:46:28', 'Narapidana menyerang atau melukai petugas atau narapidana lain', 'Narapidana dikurung di sel khusus sebagai hukuman', 91),
	(120, '1998-09-02 15:51:02', 'Narapidana berkelahi dengan narapidana lain atau menyerang petugas', 'Petugas memperingatkan narapidana tentang pelanggaran yang dilakukan', 93),
	(121, '1994-05-19 23:39:21', 'Narapidana berteriak dan melakukan tindakan yang mengganggu ketertiban umum', 'Petugas memberikan peringatan lisan kepada narapidana mengenai pelanggaran yang dilakukan', 10),
	(122, '1990-10-03 22:37:48', 'Narapidana menyerang atau melukai petugas atau narapidana lain', 'Narapidana diharuskan untuk berpartisipasi dalam pekerjaan rehabilitatif', 72),
	(123, '1988-02-28 01:15:12', 'Narapidana memasuki area penjara yang dibatasi', 'Narapidana dikurung di sel khusus sebagai hukuman', 96),
	(124, '2010-10-15 14:15:41', 'Narapidana terlibat dalam kegiatan perjudian tanpa izin', 'Narapidana tidak diizinkan menerima kunjungan dari keluarga dan teman untuk jangka waktu tertentu', 9),
	(125, '2007-08-09 02:28:19', 'Narapidana menyerang atau melukai petugas atau narapidana lain', 'Narapidana tidak diizinkan menerima kunjungan dari keluarga dan teman untuk jangka waktu tertentu', 88),
	(126, '2002-01-01 23:20:16', 'Narapidana menyerang atau melukai petugas atau narapidana lain', 'Narapidana dipindahkan ke penjara dengan tingkat keamanan yang lebih tinggi', 39),
	(127, '2000-01-27 15:43:26', 'Narapidana terlibat dalam kegiatan perjudian tanpa izin', 'Petugas mengingatkan narapidana tentang konsekuensi dari perilaku mereka', 90),
	(128, '2006-09-12 19:29:16', 'Narapidana menyeludupkan barang terlarang', 'Narapidana diharuskan untuk berpartisipasi dalam pekerjaan rehabilitatif', 52),
	(129, '2008-07-11 22:33:07', 'Narapidana melarikan diri dari penjara atau mencoba melarikan diri', 'Petugas memberi peringatan lisan kepada narapidana atas pelanggaran yang dilakukan', 70),
	(130, '1992-04-14 23:34:34', 'Narapidana membentuk kelompok atau perkumpulan yang dilarang di penjara', 'Petugas memperingatkan narapidana tentang pelanggaran yang dilakukan', 92),
	(131, '1990-05-10 19:23:48', 'Narapidana berkelahi dengan narapidana lain atau menyerang petugas', 'Narapidana mengalami penundaan dalam pembebasan bersyarat', 73),
	(132, '2009-12-15 11:58:34', 'Narapidana menolak bekerja atau melakukan pekerjaan dengan tidak benar', 'Petugas memberi peringatan lisan kepada narapidana atas pelanggaran yang dilakukan', 95),
	(133, '2008-03-25 17:44:18', 'Narapidana mengganggu atau mengintimidasi narapidana lain untuk mendapatkan keuntungan atau kekuasaan', 'Narapidana kehilangan hak istimewa tertentu (seperti akses ke ruang rekreasi atau kunjungan)', 52),
	(134, '1991-08-26 21:16:11', 'Narapidana memasuki area penjara yang dibatasi', 'Petugas memberi peringatan lisan kepada narapidana atas pelanggaran yang dilakukan', 86),
	(135, '2005-03-09 14:05:16', 'Narapidana membuat senjata tajam dari barang-barang yang tersedia di dalam penjara', 'Petugas memberikan peringatan lisan kepada narapidana mengenai pelanggaran yang dilakukan', 27),
	(136, '2006-06-06 11:27:26', 'Narapidana menggunakan atau memiliki narkoba di dalam penjara', 'Narapidana mengalami penundaan dalam pembebasan bersyarat', 81),
	(137, '1980-06-28 10:32:13', 'Narapidana menggunakan atau memiliki narkoba di dalam penjara', 'Petugas memperingatkan narapidana tentang pelanggaran yang dilakukan', 66),
	(138, '2000-03-30 23:05:39', 'Narapidana terlibat dalam kegiatan perjudian tanpa izin', 'Narapidana dipindahkan ke penjara dengan tingkat keamanan yang lebih tinggi', 2),
	(139, '2003-12-11 23:01:34', 'Narapidana berkelahi dengan narapidana lain atau menyerang petugas', 'Narapidana mengalami penundaan dalam pembebasan bersyarat', 85),
	(140, '1994-11-19 06:23:32', 'Narapidana menolak untuk mengikuti instruksi petugas dan bersikap tidak hormat', 'Petugas memperingatkan narapidana tentang pelanggaran yang dilakukan', 97),
	(141, '2003-09-03 04:03:03', 'Narapidana membuat senjata tajam dari barang-barang yang tersedia di dalam penjara', 'Petugas mencatat pelanggaran tersebut dan memperingatkan narapidana tentang konsekuensi yang mungkin terjadi jika pelanggaran terulang', 70),
	(142, '1997-08-22 09:42:24', 'Narapidana mencoba merusak atau menonaktifkan infrastruktur penjara', 'Narapidana kehilangan hak istimewa tertentu (seperti akses ke ruang rekreasi atau kunjungan)', 26),
	(143, '1979-02-28 16:39:47', 'Narapidana menggunakan atau memiliki narkoba di dalam penjara', 'Narapidana diharuskan untuk berpartisipasi dalam pekerjaan rehabilitatif', 17),
	(144, '2004-12-15 03:54:52', 'Narapidana memasuki area penjara yang dibatasi', 'Narapidana diberi pekerjaan tambahan di luar tugas rutin mereka (seperti membersihkan area umum atau bekerja di dapur)', 22),
	(145, '2005-06-24 22:33:50', 'Narapidana meniru petugas penjara dengan mengenakan seragam atau menggunakan nama mereka', 'Narapidana dikurung di sel khusus sebagai hukuman', 24),
	(146, '1978-05-24 05:46:56', 'Narapidana membentuk kelompok atau perkumpulan yang dilarang di penjara', 'Narapidana kehilangan akses ke program atau layanan tertentu', 56),
	(147, '2004-06-13 13:42:07', 'Narapidana menolak bekerja atau melakukan pekerjaan dengan tidak benar', 'Narapidana kehilangan akses ke program atau layanan tertentu', 46),
	(148, '1986-12-14 12:15:44', 'Narapidana berteriak dan melakukan tindakan yang mengganggu ketertiban umum', 'Narapidana kehilangan hak istimewa tertentu (seperti akses ke ruang rekreasi atau kunjungan)', 68),
	(149, '1998-09-17 04:41:12', 'Narapidana melarikan diri dari penjara atau mencoba melarikan diri', 'Petugas mengingatkan narapidana tentang konsekuensi dari perilaku mereka', 93),
	(150, '1993-04-23 07:22:32', 'Narapidana terlibat dalam kegiatan perjudian tanpa izin', 'Narapidana diharuskan untuk berpartisipasi dalam pekerjaan rehabilitatif', 26),
	(151, '2008-04-14 22:07:16', 'Narapidana berkelahi dengan narapidana lain atau menyerang petugas', 'Narapidana kehilangan akses ke program atau layanan tertentu', 52),
	(152, '1994-07-21 20:33:56', 'Narapidana mencuri dari narapidana lain atau dari penjara', 'Petugas memperingatkan narapidana tentang pelanggaran yang dilakukan', 97),
	(153, '2002-08-18 17:54:50', 'Narapidana menyerang atau melukai petugas atau narapidana lain', 'Narapidana diharuskan untuk berpartisipasi dalam pekerjaan rehabilitatif', 49),
	(154, '2002-03-30 10:06:12', 'Narapidana menggunakan atau memiliki narkoba di dalam penjara', 'Petugas memberikan peringatan lisan kepada narapidana mengenai pelanggaran yang dilakukan', 64),
	(155, '2013-03-12 09:25:40', 'Narapidana menyerang atau melukai petugas atau narapidana lain', 'Petugas memberikan peringatan lisan kepada narapidana mengenai pelanggaran yang dilakukan', 28),
	(156, '1991-01-25 15:05:32', 'Narapidana menggunakan atau memiliki narkoba di dalam penjara', 'Narapidana mengalami penundaan dalam pembebasan bersyarat', 7),
	(157, '2006-12-01 21:14:28', 'Narapidana terlibat dalam kegiatan perjudian tanpa izin', 'Narapidana dikurung di sel khusus sebagai hukuman', 65),
	(158, '1993-09-22 00:30:49', 'Narapidana menolak bekerja atau melakukan pekerjaan dengan tidak benar', 'Petugas mencatat pelanggaran tersebut dan memperingatkan narapidana tentang konsekuensi yang mungkin terjadi jika pelanggaran terulang', 73),
	(159, '2005-04-22 20:12:47', 'Narapidana menyeludupkan barang terlarang', 'Narapidana diharuskan untuk mengikuti pelatihan tambahan', 75),
	(160, '2003-12-11 06:38:29', 'Narapidana memasuki area penjara yang dibatasi', 'Narapidana diberi pekerjaan tambahan di luar tugas rutin mereka (seperti membersihkan area umum atau bekerja di dapur)', 100),
	(161, '2014-04-13 22:49:47', 'Narapidana menggunakan program kunjungan untuk berkomunikasi dengan orang di luar penjara untuk melakukan aktivitas ilegal', 'Narapidana mengalami penundaan dalam pembebasan bersyarat', 9),
	(162, '1980-09-05 16:08:20', 'Narapidana melarikan diri dari penjara atau mencoba melarikan diri', 'Petugas memperingatkan narapidana tentang pelanggaran yang dilakukan', 17),
	(163, '1999-01-22 02:54:37', 'Narapidana meniru petugas penjara dengan mengenakan seragam atau menggunakan nama mereka', 'Narapidana dipindahkan ke penjara dengan tingkat keamanan yang lebih tinggi', 13),
	(164, '2005-08-29 21:21:20', 'Narapidana menggunakan atau memiliki narkoba di dalam penjara', 'Narapidana mengalami penundaan dalam pembebasan bersyarat', 95),
	(165, '1988-09-29 02:33:25', 'Narapidana memasuki area penjara yang dibatasi', 'Narapidana diharuskan untuk berpartisipasi dalam pekerjaan rehabilitatif', 86),
	(166, '1996-06-17 16:33:14', 'Narapidana menyerang atau melukai petugas atau narapidana lain', 'Narapidana dipindahkan ke penjara dengan tingkat keamanan yang lebih tinggi', 93),
	(167, '2000-04-21 14:29:44', 'Narapidana menggunakan program kunjungan untuk berkomunikasi dengan orang di luar penjara untuk melakukan aktivitas ilegal', 'Narapidana diberi pekerjaan tambahan di luar tugas rutin mereka (seperti membersihkan area umum atau bekerja di dapur)', 84),
	(168, '1998-04-26 19:00:31', 'Narapidana terlibat dalam kegiatan perjudian tanpa izin', 'Petugas mengingatkan narapidana tentang konsekuensi dari perilaku mereka', 38),
	(169, '2007-06-22 04:04:15', 'Narapidana mencuri dari narapidana lain atau dari penjara', 'Narapidana diberi pekerjaan tambahan di luar tugas rutin mereka (seperti membersihkan area umum atau bekerja di dapur)', 100),
	(170, '2018-02-09 03:42:17', 'Narapidana memasuki area penjara yang dibatasi', 'Narapidana tidak diizinkan menerima kunjungan dari keluarga dan teman untuk jangka waktu tertentu', 87),
	(171, '1986-01-18 06:10:54', 'Narapidana berteriak dan melakukan tindakan yang mengganggu ketertiban umum', 'Narapidana mengalami penundaan dalam pembebasan bersyarat', 78),
	(172, '1991-11-08 10:33:38', 'Narapidana menyerang atau melukai petugas atau narapidana lain', 'Petugas memberikan peringatan lisan kepada narapidana mengenai pelanggaran yang dilakukan', 86),
	(173, '1987-11-10 06:10:16', 'Narapidana meniru petugas penjara dengan mengenakan seragam atau menggunakan nama mereka', 'Narapidana tidak diizinkan menerima kunjungan dari keluarga dan teman untuk jangka waktu tertentu', 53),
	(174, '2010-12-03 03:38:41', 'Narapidana membuat senjata tajam dari barang-barang yang tersedia di dalam penjara', 'Narapidana kehilangan hak istimewa tertentu (seperti akses ke ruang rekreasi atau kunjungan)', 55),
	(175, '2002-05-22 12:04:06', 'Narapidana menggunakan bahasa tubuh atau isyarat yang dianggap mengancam atau tidak pantas', 'Narapidana kehilangan hak istimewa tertentu (seperti akses ke ruang rekreasi atau kunjungan)', 11),
	(176, '1987-07-25 18:35:04', 'Narapidana mencoba merusak atau menonaktifkan infrastruktur penjara', 'Narapidana diberi pekerjaan tambahan di luar tugas rutin mereka (seperti membersihkan area umum atau bekerja di dapur)', 32),
	(177, '2024-03-20 08:14:14', 'Narapidana menggunakan program kunjungan untuk berkomunikasi dengan orang di luar penjara untuk melakukan aktivitas ilegal', 'Narapidana kehilangan akses ke program atau layanan tertentu', 54),
	(178, '2012-08-31 19:10:10', 'Narapidana mencuri dari narapidana lain atau dari penjara', 'Narapidana kehilangan hak istimewa tertentu (seperti akses ke ruang rekreasi atau kunjungan)', 9),
	(179, '1989-07-22 20:34:16', 'Narapidana menggunakan bahasa tubuh atau isyarat yang dianggap mengancam atau tidak pantas', 'Narapidana diharuskan untuk berpartisipasi dalam pekerjaan rehabilitatif', 32),
	(180, '2002-11-30 19:29:34', 'Narapidana membentuk kelompok atau perkumpulan yang dilarang di penjara', 'Narapidana tidak diizinkan menerima kunjungan dari keluarga dan teman untuk jangka waktu tertentu', 44),
	(181, '1990-04-19 21:55:23', 'Narapidana menggunakan program kunjungan untuk berkomunikasi dengan orang di luar penjara untuk melakukan aktivitas ilegal', 'Narapidana diharuskan untuk mengikuti pelatihan tambahan', 92),
	(182, '2016-09-15 05:55:10', 'Narapidana melarikan diri dari penjara atau mencoba melarikan diri', 'Petugas mengingatkan narapidana tentang konsekuensi dari perilaku mereka', 4),
	(183, '2004-08-23 18:56:47', 'Narapidana terlibat dalam kegiatan perjudian tanpa izin', 'Narapidana kehilangan akses ke program atau layanan tertentu', 100),
	(184, '2013-01-03 16:57:56', 'Narapidana menggunakan program kunjungan untuk berkomunikasi dengan orang di luar penjara untuk melakukan aktivitas ilegal', 'Petugas mencatat pelanggaran tersebut dalam catatan resmi', 8),
	(185, '2008-06-30 23:46:28', 'Narapidana mencuri dari narapidana lain atau dari penjara', 'Narapidana dikurung di sel khusus sebagai hukuman', 98),
	(186, '1990-12-12 15:34:14', 'Narapidana menggunakan bahasa tubuh atau isyarat yang dianggap mengancam atau tidak pantas', 'Narapidana tidak diizinkan menerima kunjungan dari keluarga dan teman untuk jangka waktu tertentu', 86),
	(187, '1990-04-18 07:45:47', 'Narapidana berteriak dan melakukan tindakan yang mengganggu ketertiban umum', 'Petugas memberikan peringatan lisan kepada narapidana mengenai pelanggaran yang dilakukan', 12),
	(188, '2012-10-17 10:23:34', 'Narapidana menyeludupkan barang terlarang', 'Narapidana kehilangan akses ke program atau layanan tertentu', 88),
	(189, '2002-04-21 11:34:57', 'Narapidana menyeludupkan barang terlarang', 'Petugas mengingatkan narapidana tentang konsekuensi dari perilaku mereka', 43),
	(190, '2013-01-02 04:17:39', 'Narapidana mengganggu atau mengintimidasi narapidana lain untuk mendapatkan keuntungan atau kekuasaan', 'Narapidana kehilangan hak istimewa tertentu (seperti akses ke ruang rekreasi atau kunjungan)', 37),
	(191, '2007-08-27 01:38:33', 'Narapidana didapati memiliki barang yang dilarang di dalam penjara', 'Narapidana tidak diizinkan menerima kunjungan dari keluarga dan teman untuk jangka waktu tertentu', 95),
	(192, '1997-07-09 23:40:46', 'Narapidana menggunakan bahasa tubuh atau isyarat yang dianggap mengancam atau tidak pantas', 'Narapidana dipindahkan ke penjara dengan tingkat keamanan yang lebih tinggi', 13),
	(193, '2014-08-04 16:43:56', 'Narapidana menggunakan atau memiliki narkoba di dalam penjara', 'Petugas memberi peringatan lisan kepada narapidana atas pelanggaran yang dilakukan', 4),
	(194, '2012-08-13 11:51:01', 'Narapidana mencoba merusak atau menonaktifkan infrastruktur penjara', 'Petugas memperingatkan narapidana tentang pelanggaran yang dilakukan', 76),
	(195, '1998-08-09 06:13:26', 'Narapidana didapati memiliki barang yang dilarang di dalam penjara', 'Narapidana dikurung di sel khusus sebagai hukuman', 30),
	(196, '2001-12-03 03:20:05', 'Narapidana meniru petugas penjara dengan mengenakan seragam atau menggunakan nama mereka', 'Petugas mencatat pelanggaran tersebut dalam catatan resmi', 25),
	(197, '2003-04-08 07:15:11', 'Narapidana didapati memiliki barang yang dilarang di dalam penjara', 'Petugas memperingatkan narapidana tentang pelanggaran yang dilakukan', 44),
	(198, '2001-10-28 22:26:47', 'Narapidana menolak bekerja atau melakukan pekerjaan dengan tidak benar', 'Narapidana diharuskan untuk berpartisipasi dalam pekerjaan rehabilitatif', 39),
	(199, '1985-03-27 16:07:41', 'Narapidana menyerang atau melukai petugas atau narapidana lain', 'Petugas mencatat pelanggaran tersebut dan memperingatkan narapidana tentang konsekuensi yang mungkin terjadi jika pelanggaran terulang', 36),
	(200, '2000-05-12 06:54:10', 'Narapidana menggunakan atau memiliki narkoba di dalam penjara', 'Narapidana diberi pekerjaan tambahan di luar tugas rutin mereka (seperti membersihkan area umum atau bekerja di dapur)', 49),
	(201, '2014-04-19 23:06:36', 'Narapidana memasuki area penjara yang dibatasi', 'Narapidana dipindahkan ke penjara dengan tingkat keamanan yang lebih tinggi', 48),
	(202, '2008-07-31 03:12:16', 'Narapidana membentuk kelompok atau perkumpulan yang dilarang di penjara', 'Narapidana diberi pekerjaan tambahan di luar tugas rutin mereka (seperti membersihkan area umum atau bekerja di dapur)', 98),
	(203, '2000-01-08 08:25:30', 'Narapidana terlibat dalam kegiatan perjudian tanpa izin', 'Petugas mengingatkan narapidana tentang konsekuensi dari perilaku mereka', 2),
	(204, '1994-03-12 14:28:59', 'Narapidana mencuri dari narapidana lain atau dari penjara', 'Narapidana dikurung di sel khusus sebagai hukuman', 73),
	(205, '2016-12-02 08:30:15', 'Narapidana mencoba merusak atau menonaktifkan infrastruktur penjara', 'Narapidana dipindahkan ke penjara dengan tingkat keamanan yang lebih tinggi', 82),
	(206, '2015-12-27 06:48:41', 'Narapidana membentuk kelompok atau perkumpulan yang dilarang di penjara', 'Narapidana diharuskan untuk berpartisipasi dalam pekerjaan rehabilitatif', 16),
	(207, '1996-07-03 11:59:27', 'Narapidana membuat senjata tajam dari barang-barang yang tersedia di dalam penjara', 'Narapidana diharuskan untuk berpartisipasi dalam pekerjaan rehabilitatif', 93),
	(208, '2010-06-24 20:08:15', 'Narapidana mencuri dari narapidana lain atau dari penjara', 'Petugas memperingatkan narapidana tentang pelanggaran yang dilakukan', 6),
	(209, '1996-06-07 12:21:20', 'Narapidana berteriak dan melakukan tindakan yang mengganggu ketertiban umum', 'Petugas mengingatkan narapidana tentang konsekuensi dari perilaku mereka', 41),
	(210, '2009-08-05 08:18:39', 'Narapidana mencuri dari narapidana lain atau dari penjara', 'Narapidana diharuskan untuk berpartisipasi dalam pekerjaan rehabilitatif', 89),
	(211, '2004-04-28 04:21:23', 'Narapidana terlibat dalam kegiatan perjudian tanpa izin', 'Petugas mengingatkan narapidana tentang konsekuensi dari perilaku mereka', 27),
	(212, '2007-08-23 07:32:17', 'Narapidana membuat senjata tajam dari barang-barang yang tersedia di dalam penjara', 'Narapidana tidak diizinkan menerima kunjungan dari keluarga dan teman untuk jangka waktu tertentu', 76),
	(213, '2021-11-26 03:46:48', 'Narapidana berkelahi dengan narapidana lain atau menyerang petugas', 'Petugas memberi peringatan lisan kepada narapidana atas pelanggaran yang dilakukan', 33),
	(214, '2006-08-30 16:40:51', 'Narapidana mengganggu atau mengintimidasi narapidana lain untuk mendapatkan keuntungan atau kekuasaan', 'Narapidana kehilangan akses ke program atau layanan tertentu', 81),
	(215, '2007-06-21 23:29:02', 'Narapidana membuat senjata tajam dari barang-barang yang tersedia di dalam penjara', 'Narapidana kehilangan hak istimewa tertentu (seperti akses ke ruang rekreasi atau kunjungan)', 6),
	(216, '1993-12-02 00:31:20', 'Narapidana menyeludupkan barang terlarang', 'Petugas mengingatkan narapidana tentang konsekuensi dari perilaku mereka', 80),
	(217, '1996-12-26 15:53:18', 'Narapidana menyeludupkan barang terlarang', 'Petugas memberikan peringatan lisan kepada narapidana mengenai pelanggaran yang dilakukan', 13),
	(218, '2017-05-20 18:29:29', 'Narapidana mencoba merusak atau menonaktifkan infrastruktur penjara', 'Narapidana dipindahkan ke penjara dengan tingkat keamanan yang lebih tinggi', 19),
	(219, '2008-07-31 17:24:00', 'Narapidana mengganggu atau mengintimidasi narapidana lain untuk mendapatkan keuntungan atau kekuasaan', 'Petugas mengingatkan narapidana tentang konsekuensi dari perilaku mereka', 79),
	(220, '2001-12-29 14:45:16', 'Narapidana memasuki area penjara yang dibatasi', 'Narapidana diharuskan untuk berpartisipasi dalam pekerjaan rehabilitatif', 40),
	(221, '2010-05-07 00:29:18', 'Narapidana berkelahi dengan narapidana lain atau menyerang petugas', 'Petugas mengingatkan narapidana tentang konsekuensi dari perilaku mereka', 23),
	(222, '2008-04-09 04:32:51', 'Narapidana didapati memiliki barang yang dilarang di dalam penjara', 'Narapidana diharuskan untuk mengikuti pelatihan tambahan', 79),
	(223, '2001-05-19 06:47:21', 'Narapidana didapati memiliki barang yang dilarang di dalam penjara', 'Petugas memberi peringatan lisan kepada narapidana atas pelanggaran yang dilakukan', 34),
	(224, '2000-11-11 16:55:40', 'Narapidana menolak untuk mengikuti instruksi petugas dan bersikap tidak hormat', 'Petugas memberikan peringatan lisan kepada narapidana mengenai pelanggaran yang dilakukan', 1),
	(225, '1998-09-03 04:48:18', 'Narapidana menggunakan bahasa tubuh atau isyarat yang dianggap mengancam atau tidak pantas', 'Narapidana dikurung di sel khusus sebagai hukuman', 74),
	(226, '2011-06-30 10:26:51', 'Narapidana menyeludupkan barang terlarang', 'Narapidana diberi pekerjaan tambahan di luar tugas rutin mereka (seperti membersihkan area umum atau bekerja di dapur)', 15),
	(227, '2006-04-21 18:56:15', 'Narapidana mencuri dari narapidana lain atau dari penjara', 'Narapidana dipindahkan ke penjara dengan tingkat keamanan yang lebih tinggi', 70),
	(228, '1996-01-17 15:01:01', 'Narapidana menyerang atau melukai petugas atau narapidana lain', 'Narapidana dipindahkan ke penjara dengan tingkat keamanan yang lebih tinggi', 67),
	(229, '2016-04-07 00:49:14', 'Narapidana mencoba merusak atau menonaktifkan infrastruktur penjara', 'Narapidana dikurung di sel khusus sebagai hukuman', 48),
	(230, '2001-06-12 13:34:34', 'Narapidana mencoba merusak atau menonaktifkan infrastruktur penjara', 'Narapidana dipindahkan ke penjara dengan tingkat keamanan yang lebih tinggi', 84),
	(231, '2010-10-04 16:56:32', 'Narapidana memasuki area penjara yang dibatasi', 'Petugas mengingatkan narapidana tentang konsekuensi dari perilaku mereka', 81),
	(232, '1993-05-28 17:41:19', 'Narapidana menggunakan program kunjungan untuk berkomunikasi dengan orang di luar penjara untuk melakukan aktivitas ilegal', 'Narapidana diberi pekerjaan tambahan di luar tugas rutin mereka (seperti membersihkan area umum atau bekerja di dapur)', 93),
	(233, '2002-12-04 21:01:46', 'Narapidana menggunakan bahasa tubuh atau isyarat yang dianggap mengancam atau tidak pantas', 'Petugas mencatat pelanggaran tersebut dan memperingatkan narapidana tentang konsekuensi yang mungkin terjadi jika pelanggaran terulang', 39),
	(234, '2008-07-21 04:15:00', 'Narapidana melarikan diri dari penjara atau mencoba melarikan diri', 'Petugas mengingatkan narapidana tentang konsekuensi dari perilaku mereka', 89),
	(235, '1998-06-17 12:45:14', 'Narapidana menyerang atau melukai petugas atau narapidana lain', 'Narapidana dikurung di sel khusus sebagai hukuman', 50),
	(236, '2014-01-21 03:58:00', 'Narapidana menyerang atau melukai petugas atau narapidana lain', 'Narapidana tidak diizinkan menerima kunjungan dari keluarga dan teman untuk jangka waktu tertentu', 28),
	(237, '2004-07-24 06:11:31', 'Narapidana mencoba merusak atau menonaktifkan infrastruktur penjara', 'Narapidana kehilangan akses ke program atau layanan tertentu', 34),
	(238, '2012-07-27 05:02:04', 'Narapidana memasuki area penjara yang dibatasi', 'Narapidana diharuskan untuk mengikuti pelatihan tambahan', 81),
	(239, '1998-06-29 05:56:39', 'Narapidana meniru petugas penjara dengan mengenakan seragam atau menggunakan nama mereka', 'Petugas memberikan peringatan lisan kepada narapidana mengenai pelanggaran yang dilakukan', 42),
	(240, '1985-04-17 02:50:49', 'Narapidana memasuki area penjara yang dibatasi', 'Petugas mencatat pelanggaran tersebut dalam catatan resmi', 18),
	(241, '1990-06-28 18:09:30', 'Narapidana mencuri dari narapidana lain atau dari penjara', 'Narapidana kehilangan hak istimewa tertentu (seperti akses ke ruang rekreasi atau kunjungan)', 68),
	(242, '2003-03-04 11:06:16', 'Narapidana meniru petugas penjara dengan mengenakan seragam atau menggunakan nama mereka', 'Narapidana mengalami penundaan dalam pembebasan bersyarat', 40),
	(243, '2000-10-14 01:00:55', 'Narapidana membuat senjata tajam dari barang-barang yang tersedia di dalam penjara', 'Narapidana diharuskan untuk mengikuti pelatihan tambahan', 43),
	(244, '1982-07-22 18:26:28', 'Narapidana menggunakan program kunjungan untuk berkomunikasi dengan orang di luar penjara untuk melakukan aktivitas ilegal', 'Narapidana kehilangan akses ke program atau layanan tertentu', 78),
	(245, '1972-07-26 01:02:59', 'Narapidana didapati memiliki barang yang dilarang di dalam penjara', 'Narapidana mengalami penundaan dalam pembebasan bersyarat', 63),
	(246, '2001-10-02 07:10:31', 'Narapidana menolak bekerja atau melakukan pekerjaan dengan tidak benar', 'Narapidana dikurung di sel khusus sebagai hukuman', 99),
	(247, '2013-09-11 17:34:35', 'Narapidana berteriak dan melakukan tindakan yang mengganggu ketertiban umum', 'Petugas memperingatkan narapidana tentang pelanggaran yang dilakukan', 83),
	(248, '1996-11-30 17:07:16', 'Narapidana menggunakan bahasa tubuh atau isyarat yang dianggap mengancam atau tidak pantas', 'Petugas mencatat pelanggaran tersebut dalam catatan resmi', 41),
	(249, '2005-06-13 16:37:44', 'Narapidana membuat senjata tajam dari barang-barang yang tersedia di dalam penjara', 'Narapidana dikurung di sel khusus sebagai hukuman', 22),
	(250, '2000-10-26 14:29:43', 'Narapidana menolak bekerja atau melakukan pekerjaan dengan tidak benar', 'Narapidana dipindahkan ke penjara dengan tingkat keamanan yang lebih tinggi', 44),
	(251, '2008-05-04 19:34:53', 'Narapidana membuat senjata tajam dari barang-barang yang tersedia di dalam penjara', 'Narapidana dikurung di sel khusus sebagai hukuman', 70),
	(252, '2011-04-18 01:48:50', 'Narapidana berkelahi dengan narapidana lain atau menyerang petugas', 'Petugas memberikan peringatan lisan kepada narapidana mengenai pelanggaran yang dilakukan', 89),
	(253, '1996-02-11 02:38:42', 'Narapidana berkelahi dengan narapidana lain atau menyerang petugas', 'Petugas memberi peringatan lisan kepada narapidana atas pelanggaran yang dilakukan', 50),
	(254, '2002-02-26 00:15:28', 'Narapidana berteriak dan melakukan tindakan yang mengganggu ketertiban umum', 'Petugas mengingatkan narapidana tentang konsekuensi dari perilaku mereka', 11),
	(255, '1987-02-09 13:09:12', 'Narapidana menolak bekerja atau melakukan pekerjaan dengan tidak benar', 'Narapidana kehilangan hak istimewa tertentu (seperti akses ke ruang rekreasi atau kunjungan)', 72),
	(256, '2008-01-02 21:23:57', 'Narapidana membuat senjata tajam dari barang-barang yang tersedia di dalam penjara', 'Narapidana mengalami penundaan dalam pembebasan bersyarat', 51),
	(257, '2017-04-01 04:36:09', 'Narapidana mencoba merusak atau menonaktifkan infrastruktur penjara', 'Petugas mencatat pelanggaran tersebut dan memperingatkan narapidana tentang konsekuensi yang mungkin terjadi jika pelanggaran terulang', 19),
	(258, '2010-05-31 15:09:25', 'Narapidana menggunakan bahasa tubuh atau isyarat yang dianggap mengancam atau tidak pantas', 'Narapidana dipindahkan ke penjara dengan tingkat keamanan yang lebih tinggi', 9),
	(259, '1969-10-20 05:08:18', 'Narapidana didapati memiliki barang yang dilarang di dalam penjara', 'Narapidana diharuskan untuk berpartisipasi dalam pekerjaan rehabilitatif', 5),
	(260, '1995-01-17 23:21:01', 'Narapidana memasuki area penjara yang dibatasi', 'Petugas memperingatkan narapidana tentang pelanggaran yang dilakukan', 58),
	(261, '2014-07-24 23:16:19', 'Narapidana berteriak dan melakukan tindakan yang mengganggu ketertiban umum', 'Narapidana diberi pekerjaan tambahan di luar tugas rutin mereka (seperti membersihkan area umum atau bekerja di dapur)', 48),
	(262, '1971-12-25 07:42:01', 'Narapidana memasuki area penjara yang dibatasi', 'Narapidana diberi pekerjaan tambahan di luar tugas rutin mereka (seperti membersihkan area umum atau bekerja di dapur)', 63),
	(263, '1996-02-14 22:35:25', 'Narapidana menolak untuk mengikuti instruksi petugas dan bersikap tidak hormat', 'Narapidana diharuskan untuk berpartisipasi dalam pekerjaan rehabilitatif', 67),
	(264, '2003-07-17 23:18:20', 'Narapidana terlibat dalam kegiatan perjudian tanpa izin', 'Petugas mencatat pelanggaran tersebut dalam catatan resmi', 44),
	(265, '1988-10-08 23:35:49', 'Narapidana berkelahi dengan narapidana lain atau menyerang petugas', 'Petugas mengingatkan narapidana tentang konsekuensi dari perilaku mereka', 92),
	(266, '2013-06-15 09:35:23', 'Narapidana menggunakan program kunjungan untuk berkomunikasi dengan orang di luar penjara untuk melakukan aktivitas ilegal', 'Narapidana dikurung di sel khusus sebagai hukuman', 55),
	(267, '2002-02-16 09:39:27', 'Narapidana menggunakan bahasa tubuh atau isyarat yang dianggap mengancam atau tidak pantas', 'Narapidana dipindahkan ke penjara dengan tingkat keamanan yang lebih tinggi', 40),
	(268, '2003-04-17 18:55:06', 'Narapidana menyerang atau melukai petugas atau narapidana lain', 'Narapidana kehilangan akses ke program atau layanan tertentu', 99),
	(269, '2006-01-18 17:18:29', 'Narapidana menolak untuk mengikuti instruksi petugas dan bersikap tidak hormat', 'Narapidana kehilangan hak istimewa tertentu (seperti akses ke ruang rekreasi atau kunjungan)', 100),
	(270, '1995-08-05 08:01:24', 'Narapidana meniru petugas penjara dengan mengenakan seragam atau menggunakan nama mereka', 'Petugas mencatat pelanggaran tersebut dan memperingatkan narapidana tentang konsekuensi yang mungkin terjadi jika pelanggaran terulang', 90),
	(271, '1985-07-23 16:36:08', 'Narapidana membentuk kelompok atau perkumpulan yang dilarang di penjara', 'Petugas memperingatkan narapidana tentang pelanggaran yang dilakukan', 18),
	(272, '1998-08-07 15:14:18', 'Narapidana mencoba merusak atau menonaktifkan infrastruktur penjara', 'Narapidana kehilangan akses ke program atau layanan tertentu', 80),
	(273, '2017-01-29 13:42:43', 'Narapidana menolak bekerja atau melakukan pekerjaan dengan tidak benar', 'Narapidana kehilangan akses ke program atau layanan tertentu', 83),
	(274, '1997-02-08 20:55:19', 'Narapidana menyeludupkan barang terlarang', 'Petugas memberikan peringatan lisan kepada narapidana mengenai pelanggaran yang dilakukan', 57),
	(275, '1979-01-15 01:12:43', 'Narapidana menggunakan atau memiliki narkoba di dalam penjara', 'Petugas mengingatkan narapidana tentang konsekuensi dari perilaku mereka', 59),
	(276, '1985-10-21 00:42:40', 'Narapidana menggunakan program kunjungan untuk berkomunikasi dengan orang di luar penjara untuk melakukan aktivitas ilegal', 'Narapidana diharuskan untuk berpartisipasi dalam pekerjaan rehabilitatif', 31),
	(277, '1996-07-18 16:52:17', 'Narapidana berkelahi dengan narapidana lain atau menyerang petugas', 'Narapidana dipindahkan ke penjara dengan tingkat keamanan yang lebih tinggi', 93),
	(278, '2011-10-13 09:34:30', 'Narapidana menggunakan atau memiliki narkoba di dalam penjara', 'Narapidana kehilangan akses ke program atau layanan tertentu', 45),
	(279, '2013-11-17 10:19:41', 'Narapidana menyerang atau melukai petugas atau narapidana lain', 'Narapidana kehilangan hak istimewa tertentu (seperti akses ke ruang rekreasi atau kunjungan)', 29),
	(280, '1968-11-01 17:24:06', 'Narapidana menggunakan program kunjungan untuk berkomunikasi dengan orang di luar penjara untuk melakukan aktivitas ilegal', 'Narapidana diberi pekerjaan tambahan di luar tugas rutin mereka (seperti membersihkan area umum atau bekerja di dapur)', 21),
	(281, '2004-04-17 12:52:44', 'Narapidana mencuri dari narapidana lain atau dari penjara', 'Petugas memperingatkan narapidana tentang pelanggaran yang dilakukan', 65),
	(282, '2008-01-22 17:03:41', 'Narapidana menyerang atau melukai petugas atau narapidana lain', 'Petugas mencatat pelanggaran tersebut dan memperingatkan narapidana tentang konsekuensi yang mungkin terjadi jika pelanggaran terulang', 24),
	(283, '1989-10-31 04:46:26', 'Narapidana terlibat dalam kegiatan perjudian tanpa izin', 'Narapidana kehilangan hak istimewa tertentu (seperti akses ke ruang rekreasi atau kunjungan)', 71),
	(284, '2015-10-05 10:40:46', 'Narapidana menggunakan atau memiliki narkoba di dalam penjara', 'Narapidana tidak diizinkan menerima kunjungan dari keluarga dan teman untuk jangka waktu tertentu', 28),
	(285, '2005-01-13 05:38:37', 'Narapidana menggunakan atau memiliki narkoba di dalam penjara', 'Narapidana diberi pekerjaan tambahan di luar tugas rutin mereka (seperti membersihkan area umum atau bekerja di dapur)', 98),
	(286, '2006-01-20 21:07:02', 'Narapidana menggunakan program kunjungan untuk berkomunikasi dengan orang di luar penjara untuk melakukan aktivitas ilegal', 'Petugas mengingatkan narapidana tentang konsekuensi dari perilaku mereka', 35),
	(287, '2011-09-17 05:39:38', 'Narapidana terlibat dalam kegiatan perjudian tanpa izin', 'Narapidana dikurung di sel khusus sebagai hukuman', 76),
	(288, '2018-06-15 07:07:34', 'Narapidana menggunakan program kunjungan untuk berkomunikasi dengan orang di luar penjara untuk melakukan aktivitas ilegal', 'Petugas mencatat pelanggaran tersebut dalam catatan resmi', 54),
	(289, '2003-09-16 14:04:09', 'Narapidana mengganggu atau mengintimidasi narapidana lain untuk mendapatkan keuntungan atau kekuasaan', 'Narapidana kehilangan hak istimewa tertentu (seperti akses ke ruang rekreasi atau kunjungan)', 77),
	(290, '2019-04-26 17:49:02', 'Narapidana berteriak dan melakukan tindakan yang mengganggu ketertiban umum', 'Petugas mencatat pelanggaran tersebut dan memperingatkan narapidana tentang konsekuensi yang mungkin terjadi jika pelanggaran terulang', 4),
	(291, '1981-05-05 11:46:52', 'Narapidana menggunakan atau memiliki narkoba di dalam penjara', 'Narapidana kehilangan akses ke program atau layanan tertentu', 17),
	(292, '2024-09-26 15:39:13', 'Narapidana melarikan diri dari penjara atau mencoba melarikan diri', 'Narapidana kehilangan akses ke program atau layanan tertentu', 47),
	(293, '2006-05-12 12:21:57', 'Narapidana menggunakan bahasa tubuh atau isyarat yang dianggap mengancam atau tidak pantas', 'Narapidana mengalami penundaan dalam pembebasan bersyarat', 22),
	(294, '1994-11-19 06:47:52', 'Narapidana menggunakan bahasa tubuh atau isyarat yang dianggap mengancam atau tidak pantas', 'Petugas memberi peringatan lisan kepada narapidana atas pelanggaran yang dilakukan', 67),
	(295, '1990-03-12 08:23:17', 'Narapidana mencuri dari narapidana lain atau dari penjara', 'Petugas mencatat pelanggaran tersebut dan memperingatkan narapidana tentang konsekuensi yang mungkin terjadi jika pelanggaran terulang', 86),
	(296, '2017-04-26 07:22:25', 'Narapidana menggunakan atau memiliki narkoba di dalam penjara', 'Petugas memperingatkan narapidana tentang pelanggaran yang dilakukan', 28),
	(297, '1989-10-08 22:28:35', 'Narapidana berkelahi dengan narapidana lain atau menyerang petugas', 'Petugas memberi peringatan lisan kepada narapidana atas pelanggaran yang dilakukan', 12),
	(298, '1993-06-06 20:46:41', 'Narapidana melarikan diri dari penjara atau mencoba melarikan diri', 'Petugas memberikan peringatan lisan kepada narapidana mengenai pelanggaran yang dilakukan', 26),
	(299, '1991-06-19 23:03:40', 'Narapidana berteriak dan melakukan tindakan yang mengganggu ketertiban umum', 'Petugas mencatat pelanggaran tersebut dalam catatan resmi', 7),
	(300, '2005-05-12 19:26:30', 'Narapidana meniru petugas penjara dengan mengenakan seragam atau menggunakan nama mereka', 'Narapidana dikurung di sel khusus sebagai hukuman', 84),
	(301, '2011-12-27 09:02:59', 'Narapidana melarikan diri dari penjara atau mencoba melarikan diri', 'Narapidana diberi pekerjaan tambahan di luar tugas rutin mereka (seperti membersihkan area umum atau bekerja di dapur)', 23),
	(302, '2006-12-21 13:25:56', 'Narapidana menyeludupkan barang terlarang', 'Petugas memberi peringatan lisan kepada narapidana atas pelanggaran yang dilakukan', 52),
	(303, '1971-10-29 02:17:47', 'Narapidana terlibat dalam kegiatan perjudian tanpa izin', 'Narapidana diharuskan untuk berpartisipasi dalam pekerjaan rehabilitatif', 63),
	(304, '2002-01-31 10:32:55', 'Narapidana menolak untuk mengikuti instruksi petugas dan bersikap tidak hormat', 'Petugas memberikan peringatan lisan kepada narapidana mengenai pelanggaran yang dilakukan', 91),
	(305, '2016-12-25 03:03:39', 'Narapidana menggunakan program kunjungan untuk berkomunikasi dengan orang di luar penjara untuk melakukan aktivitas ilegal', 'Petugas mengingatkan narapidana tentang konsekuensi dari perilaku mereka', 82),
	(306, '2013-02-17 07:17:55', 'Narapidana terlibat dalam kegiatan perjudian tanpa izin', 'Petugas mengingatkan narapidana tentang konsekuensi dari perilaku mereka', 55),
	(307, '1973-12-18 04:17:42', 'Narapidana memasuki area penjara yang dibatasi', 'Narapidana diharuskan untuk berpartisipasi dalam pekerjaan rehabilitatif', 21),
	(308, '1992-07-01 21:04:28', 'Narapidana terlibat dalam kegiatan perjudian tanpa izin', 'Petugas mencatat pelanggaran tersebut dalam catatan resmi', 57),
	(309, '1988-03-08 10:59:17', 'Narapidana menyerang atau melukai petugas atau narapidana lain', 'Petugas memberikan peringatan lisan kepada narapidana mengenai pelanggaran yang dilakukan', 18),
	(310, '2006-05-21 23:29:07', 'Narapidana membentuk kelompok atau perkumpulan yang dilarang di penjara', 'Narapidana kehilangan hak istimewa tertentu (seperti akses ke ruang rekreasi atau kunjungan)', 62),
	(311, '2012-10-10 21:12:06', 'Narapidana mencoba merusak atau menonaktifkan infrastruktur penjara', 'Narapidana diharuskan untuk mengikuti pelatihan tambahan', 20),
	(312, '1985-08-25 05:27:53', 'Narapidana mencuri dari narapidana lain atau dari penjara', 'Narapidana diberi pekerjaan tambahan di luar tugas rutin mereka (seperti membersihkan area umum atau bekerja di dapur)', 31),
	(313, '2008-01-25 14:32:00', 'Narapidana menolak untuk mengikuti instruksi petugas dan bersikap tidak hormat', 'Narapidana diberi pekerjaan tambahan di luar tugas rutin mereka (seperti membersihkan area umum atau bekerja di dapur)', 77),
	(314, '1973-10-06 13:12:18', 'Narapidana menggunakan atau memiliki narkoba di dalam penjara', 'Petugas memberikan peringatan lisan kepada narapidana mengenai pelanggaran yang dilakukan', 5),
	(315, '1997-03-31 05:47:29', 'Narapidana menolak bekerja atau melakukan pekerjaan dengan tidak benar', 'Petugas mencatat pelanggaran tersebut dalam catatan resmi', 74),
	(316, '1975-08-01 17:43:56', 'Narapidana membentuk kelompok atau perkumpulan yang dilarang di penjara', 'Narapidana kehilangan hak istimewa tertentu (seperti akses ke ruang rekreasi atau kunjungan)', 66),
	(317, '2012-03-24 20:07:36', 'Narapidana didapati memiliki barang yang dilarang di dalam penjara', 'Petugas mencatat pelanggaran tersebut dan memperingatkan narapidana tentang konsekuensi yang mungkin terjadi jika pelanggaran terulang', 76),
	(318, '1986-10-29 14:22:35', 'Narapidana menyerang atau melukai petugas atau narapidana lain', 'Narapidana diharuskan untuk berpartisipasi dalam pekerjaan rehabilitatif', 53),
	(319, '2024-01-11 14:06:57', 'Narapidana menyeludupkan barang terlarang', 'Petugas memberikan peringatan lisan kepada narapidana mengenai pelanggaran yang dilakukan', 47),
	(320, '2010-06-15 22:45:21', 'Narapidana mencuri dari narapidana lain atau dari penjara', 'Petugas memberikan peringatan lisan kepada narapidana mengenai pelanggaran yang dilakukan', 51),
	(321, '1999-03-10 02:05:26', 'Narapidana menyeludupkan barang terlarang', 'Narapidana dikurung di sel khusus sebagai hukuman', 91),
	(322, '1998-12-25 12:54:57', 'Narapidana mencoba merusak atau menonaktifkan infrastruktur penjara', 'Petugas mencatat pelanggaran tersebut dalam catatan resmi', 41),
	(323, '2011-06-02 20:07:53', 'Narapidana meniru petugas penjara dengan mengenakan seragam atau menggunakan nama mereka', 'Narapidana tidak diizinkan menerima kunjungan dari keluarga dan teman untuk jangka waktu tertentu', 61),
	(324, '2012-08-01 18:46:46', 'Narapidana mencoba merusak atau menonaktifkan infrastruktur penjara', 'Petugas memberi peringatan lisan kepada narapidana atas pelanggaran yang dilakukan', 76),
	(325, '1985-09-30 02:38:26', 'Narapidana mencuri dari narapidana lain atau dari penjara', 'Petugas mencatat pelanggaran tersebut dalam catatan resmi', 72),
	(326, '2017-09-28 20:11:34', 'Narapidana menggunakan bahasa tubuh atau isyarat yang dianggap mengancam atau tidak pantas', 'Narapidana dipindahkan ke penjara dengan tingkat keamanan yang lebih tinggi', 28),
	(327, '2010-10-05 15:47:24', 'Narapidana mencoba merusak atau menonaktifkan infrastruktur penjara', 'Narapidana tidak diizinkan menerima kunjungan dari keluarga dan teman untuk jangka waktu tertentu', 89),
	(328, '2005-04-16 04:04:24', 'Narapidana mengganggu atau mengintimidasi narapidana lain untuk mendapatkan keuntungan atau kekuasaan', 'Narapidana dikurung di sel khusus sebagai hukuman', 52),
	(329, '1987-07-04 14:39:05', 'Narapidana menolak untuk mengikuti instruksi petugas dan bersikap tidak hormat', 'Petugas mengingatkan narapidana tentang konsekuensi dari perilaku mereka', 92),
	(330, '2006-11-24 03:36:46', 'Narapidana menyerang atau melukai petugas atau narapidana lain', 'Narapidana diharuskan untuk berpartisipasi dalam pekerjaan rehabilitatif', 35),
	(331, '2009-12-18 02:36:13', 'Narapidana berkelahi dengan narapidana lain atau menyerang petugas', 'Petugas mengingatkan narapidana tentang konsekuensi dari perilaku mereka', 37),
	(332, '1989-04-01 11:32:58', 'Narapidana menolak untuk mengikuti instruksi petugas dan bersikap tidak hormat', 'Narapidana kehilangan akses ke program atau layanan tertentu', 53),
	(333, '2005-06-24 20:43:14', 'Narapidana menolak untuk mengikuti instruksi petugas dan bersikap tidak hormat', 'Narapidana diharuskan untuk berpartisipasi dalam pekerjaan rehabilitatif', 99),
	(334, '1975-04-21 23:21:47', 'Narapidana meniru petugas penjara dengan mengenakan seragam atau menggunakan nama mereka', 'Petugas mengingatkan narapidana tentang konsekuensi dari perilaku mereka', 56),
	(335, '1980-06-14 00:11:46', 'Narapidana berkelahi dengan narapidana lain atau menyerang petugas', 'Narapidana kehilangan akses ke program atau layanan tertentu', 59),
	(336, '2004-09-05 01:09:07', 'Narapidana menyerang atau melukai petugas atau narapidana lain', 'Narapidana kehilangan hak istimewa tertentu (seperti akses ke ruang rekreasi atau kunjungan)', 62),
	(337, '2005-05-07 07:03:51', 'Narapidana menyeludupkan barang terlarang', 'Narapidana dipindahkan ke penjara dengan tingkat keamanan yang lebih tinggi', 34),
	(338, '1979-12-12 13:31:31', 'Narapidana menolak bekerja atau melakukan pekerjaan dengan tidak benar', 'Petugas memperingatkan narapidana tentang pelanggaran yang dilakukan', 94),
	(339, '1995-12-17 02:09:16', 'Narapidana menyerang atau melukai petugas atau narapidana lain', 'Narapidana diharuskan untuk berpartisipasi dalam pekerjaan rehabilitatif', 80),
	(340, '1971-07-02 19:17:19', 'Narapidana mencoba merusak atau menonaktifkan infrastruktur penjara', 'Narapidana kehilangan akses ke program atau layanan tertentu', 63),
	(341, '2006-08-26 17:01:23', 'Narapidana menyerang atau melukai petugas atau narapidana lain', 'Narapidana diharuskan untuk mengikuti pelatihan tambahan', 95),
	(342, '2005-08-28 14:54:57', 'Narapidana meniru petugas penjara dengan mengenakan seragam atau menggunakan nama mereka', 'Narapidana dikurung di sel khusus sebagai hukuman', 65),
	(343, '1994-09-27 08:03:08', 'Narapidana menolak untuk mengikuti instruksi petugas dan bersikap tidak hormat', 'Petugas mencatat pelanggaran tersebut dan memperingatkan narapidana tentang konsekuensi yang mungkin terjadi jika pelanggaran terulang', 42),
	(344, '2006-12-27 14:41:54', 'Narapidana berteriak dan melakukan tindakan yang mengganggu ketertiban umum', 'Petugas memberikan peringatan lisan kepada narapidana mengenai pelanggaran yang dilakukan', 22),
	(345, '1998-07-16 01:04:18', 'Narapidana menggunakan bahasa tubuh atau isyarat yang dianggap mengancam atau tidak pantas', 'Narapidana diharuskan untuk mengikuti pelatihan tambahan', 91),
	(346, '2003-02-27 00:14:33', 'Narapidana didapati memiliki barang yang dilarang di dalam penjara', 'Petugas memperingatkan narapidana tentang pelanggaran yang dilakukan', 44),
	(347, '2021-04-19 23:01:33', 'Narapidana meniru petugas penjara dengan mengenakan seragam atau menggunakan nama mereka', 'Narapidana diharuskan untuk berpartisipasi dalam pekerjaan rehabilitatif', 87),
	(348, '2008-09-03 04:33:50', 'Narapidana terlibat dalam kegiatan perjudian tanpa izin', 'Petugas memberi peringatan lisan kepada narapidana atas pelanggaran yang dilakukan', 61),
	(349, '2014-07-18 21:54:26', 'Narapidana membentuk kelompok atau perkumpulan yang dilarang di penjara', 'Petugas memberikan peringatan lisan kepada narapidana mengenai pelanggaran yang dilakukan', 45),
	(350, '1997-05-03 23:28:39', 'Narapidana mencuri dari narapidana lain atau dari penjara', 'Petugas mengingatkan narapidana tentang konsekuensi dari perilaku mereka', 30),
	(351, '1999-03-09 13:34:10', 'Narapidana mengganggu atau mengintimidasi narapidana lain untuk mendapatkan keuntungan atau kekuasaan', 'Narapidana dikurung di sel khusus sebagai hukuman', 49),
	(352, '1988-12-22 00:34:55', 'Narapidana mencuri dari narapidana lain atau dari penjara', 'Narapidana dikurung di sel khusus sebagai hukuman', 53),
	(353, '1979-06-21 09:08:05', 'Narapidana terlibat dalam kegiatan perjudian tanpa izin', 'Narapidana dikurung di sel khusus sebagai hukuman', 17),
	(354, '1991-01-29 02:23:09', 'Narapidana menyerang atau melukai petugas atau narapidana lain', 'Petugas memberi peringatan lisan kepada narapidana atas pelanggaran yang dilakukan', 7),
	(355, '1991-03-16 15:09:26', 'Narapidana menyerang atau melukai petugas atau narapidana lain', 'Narapidana dipindahkan ke penjara dengan tingkat keamanan yang lebih tinggi', 86),
	(356, '2000-08-23 01:53:24', 'Narapidana menyeludupkan barang terlarang', 'Narapidana diberi pekerjaan tambahan di luar tugas rutin mereka (seperti membersihkan area umum atau bekerja di dapur)', 84),
	(357, '1972-10-22 05:12:15', 'Narapidana didapati memiliki barang yang dilarang di dalam penjara', 'Narapidana dikurung di sel khusus sebagai hukuman', 5),
	(358, '2007-07-23 14:30:57', 'Narapidana mencoba merusak atau menonaktifkan infrastruktur penjara', 'Narapidana diharuskan untuk berpartisipasi dalam pekerjaan rehabilitatif', 76),
	(359, '2015-01-11 20:53:09', 'Narapidana memasuki area penjara yang dibatasi', 'Narapidana mengalami penundaan dalam pembebasan bersyarat', 60),
	(360, '1976-09-09 04:57:28', 'Narapidana berteriak dan melakukan tindakan yang mengganggu ketertiban umum', 'Narapidana diharuskan untuk berpartisipasi dalam pekerjaan rehabilitatif', 59),
	(361, '1986-02-14 00:07:07', 'Narapidana menggunakan bahasa tubuh atau isyarat yang dianggap mengancam atau tidak pantas', 'Petugas mencatat pelanggaran tersebut dan memperingatkan narapidana tentang konsekuensi yang mungkin terjadi jika pelanggaran terulang', 71),
	(362, '2005-11-02 02:09:26', 'Narapidana menggunakan program kunjungan untuk berkomunikasi dengan orang di luar penjara untuk melakukan aktivitas ilegal', 'Narapidana kehilangan hak istimewa tertentu (seperti akses ke ruang rekreasi atau kunjungan)', 46),
	(363, '2001-07-25 21:17:50', 'Narapidana menggunakan bahasa tubuh atau isyarat yang dianggap mengancam atau tidak pantas', 'Petugas memberikan peringatan lisan kepada narapidana mengenai pelanggaran yang dilakukan', 62),
	(364, '2008-03-17 14:01:03', 'Narapidana membuat senjata tajam dari barang-barang yang tersedia di dalam penjara', 'Narapidana dipindahkan ke penjara dengan tingkat keamanan yang lebih tinggi', 52),
	(365, '2007-01-08 04:58:52', 'Narapidana berteriak dan melakukan tindakan yang mengganggu ketertiban umum', 'Petugas mencatat pelanggaran tersebut dan memperingatkan narapidana tentang konsekuensi yang mungkin terjadi jika pelanggaran terulang', 95),
	(366, '1975-02-20 04:30:04', 'Narapidana menyeludupkan barang terlarang', 'Narapidana diharuskan untuk berpartisipasi dalam pekerjaan rehabilitatif', 56),
	(367, '2014-12-11 10:45:11', 'Narapidana mencuri dari narapidana lain atau dari penjara', 'Narapidana dikurung di sel khusus sebagai hukuman', 28),
	(368, '2004-06-14 19:38:42', 'Narapidana mencoba merusak atau menonaktifkan infrastruktur penjara', 'Petugas memperingatkan narapidana tentang pelanggaran yang dilakukan', 85),
	(369, '1985-06-03 12:17:42', 'Narapidana menolak untuk mengikuti instruksi petugas dan bersikap tidak hormat', 'Narapidana diharuskan untuk berpartisipasi dalam pekerjaan rehabilitatif', 36),
	(370, '1986-10-03 23:37:07', 'Narapidana menggunakan program kunjungan untuk berkomunikasi dengan orang di luar penjara untuk melakukan aktivitas ilegal', 'Narapidana dikurung di sel khusus sebagai hukuman', 96),
	(371, '1989-12-20 21:29:57', 'Narapidana menggunakan atau memiliki narkoba di dalam penjara', 'Narapidana kehilangan akses ke program atau layanan tertentu', 68),
	(372, '1995-05-13 19:13:23', 'Narapidana menolak untuk mengikuti instruksi petugas dan bersikap tidak hormat', 'Narapidana kehilangan akses ke program atau layanan tertentu', 90),
	(373, '2023-08-07 23:51:34', 'Narapidana menggunakan bahasa tubuh atau isyarat yang dianggap mengancam atau tidak pantas', 'Narapidana mengalami penundaan dalam pembebasan bersyarat', 47),
	(374, '1990-09-11 08:49:21', 'Narapidana mengganggu atau mengintimidasi narapidana lain untuk mendapatkan keuntungan atau kekuasaan', 'Petugas mencatat pelanggaran tersebut dalam catatan resmi', 12),
	(375, '1994-02-07 16:57:50', 'Narapidana meniru petugas penjara dengan mengenakan seragam atau menggunakan nama mereka', 'Narapidana diharuskan untuk berpartisipasi dalam pekerjaan rehabilitatif', 67);

-- Dumping data for table fpmbd.sel: ~70 rows (approximately)
INSERT INTO `sel` (`NomorSel`, `JenisSel`, `Kapasitas`, `JumlahNow`, `Penjara_IDPenjara`) VALUES
	(1, 'A', 9, 4, 1),
	(2, 'B', 9, 4, 1),
	(3, 'C', 7, 3, 1),
	(4, 'D', 5, 3, 1),
	(5, 'E', 8, 8, 1),
	(6, 'F', 6, 6, 1),
	(7, 'G', 5, 3, 1),
	(8, 'A', 10, 10, 2),
	(9, 'B', 5, 2, 2),
	(10, 'C', 10, 6, 2),
	(11, 'D', 10, 4, 2),
	(12, 'E', 8, 0, 2),
	(13, 'F', 10, 0, 2),
	(14, 'G', 5, 3, 2),
	(15, 'A', 5, 1, 3),
	(16, 'B', 7, 2, 3),
	(17, 'C', 7, 3, 3),
	(18, 'D', 9, 9, 3),
	(19, 'E', 10, 3, 3),
	(20, 'F', 5, 2, 3),
	(21, 'G', 8, 2, 3),
	(22, 'A', 9, 8, 4),
	(23, 'B', 9, 5, 4),
	(24, 'C', 7, 5, 4),
	(25, 'D', 5, 1, 4),
	(26, 'E', 5, 2, 4),
	(27, 'F', 9, 7, 4),
	(28, 'G', 7, 6, 4),
	(29, 'A', 10, 2, 5),
	(30, 'B', 9, 1, 5),
	(31, 'C', 10, 2, 5),
	(32, 'D', 7, 7, 5),
	(33, 'E', 8, 5, 5),
	(34, 'F', 5, 5, 5),
	(35, 'G', 6, 6, 5),
	(36, 'A', 6, 3, 6),
	(37, 'B', 7, 7, 6),
	(38, 'C', 7, 2, 6),
	(39, 'D', 7, 0, 6),
	(40, 'E', 6, 2, 6),
	(41, 'F', 10, 2, 6),
	(42, 'G', 5, 4, 6),
	(43, 'A', 8, 0, 7),
	(44, 'B', 8, 3, 7),
	(45, 'C', 8, 0, 7),
	(46, 'D', 8, 7, 7),
	(47, 'E', 10, 8, 7),
	(48, 'F', 6, 4, 7),
	(49, 'G', 8, 2, 7),
	(50, 'A', 9, 8, 8),
	(51, 'B', 5, 2, 8),
	(52, 'C', 10, 4, 8),
	(53, 'D', 6, 3, 8),
	(54, 'E', 9, 2, 8),
	(55, 'F', 7, 6, 8),
	(56, 'G', 5, 1, 8),
	(57, 'A', 5, 5, 9),
	(58, 'B', 9, 1, 9),
	(59, 'C', 10, 2, 9),
	(60, 'D', 5, 5, 9),
	(61, 'E', 9, 8, 9),
	(62, 'F', 8, 5, 9),
	(63, 'G', 10, 2, 9),
	(64, 'A', 10, 3, 10),
	(65, 'B', 10, 6, 10),
	(66, 'C', 9, 2, 10),
	(67, 'D', 10, 9, 10),
	(68, 'E', 8, 1, 10),
	(69, 'F', 5, 1, 10),
	(70, 'G', 7, 0, 10);

/*!40103 SET TIME_ZONE=IFNULL(@OLD_TIME_ZONE, 'system') */;
/*!40101 SET SQL_MODE=IFNULL(@OLD_SQL_MODE, '') */;
/*!40014 SET FOREIGN_KEY_CHECKS=IFNULL(@OLD_FOREIGN_KEY_CHECKS, 1) */;
/*!40101 SET CHARACTER_SET_CLIENT=@OLD_CHARACTER_SET_CLIENT */;
/*!40111 SET SQL_NOTES=IFNULL(@OLD_SQL_NOTES, 1) */;
